256746000,9327774,36.97554,12.57211,279,279,113,2015-08-01 00:00:00,SPAVALDA,General Cargo,GIBRALTAR
241374000,7903249,38.0085,16.62183,217,511,101,2015-08-01 00:00:00,EVIACEMENT IV,General Cargo,LICATA
671240000,8812875,36.58783,23.52683,224,247,90,2015-08-01 00:00:00,HUDA F,General Cargo,Y
244017000,9246906,37.58095,15.88839,210,210,67,2015-08-01 00:00:00,FRISIAN LADY,General Cargo,MALTA
271040283,9473975,36.22883,15.73128,283,282,86,2015-08-01 00:00:00,ATLAS B,General Cargo,CASTELLON
636016745,9506588,35.71525,14.56147,245,245,103,2015-08-01 00:00:01,BEE,General Cargo,GABES/TUNISIAN
538005972,9268083,36.30018,14.46795,269,268,114,2015-08-01 00:00:01,AUCKLAND SPIRIT,General Cargo,GIBRALTAR
271000261,8913320,40.96595,28.93332,48,345,0,2015-08-01 00:00:01,ZINNET METE,General Cargo,YUZHNY
374749000,8516744,40.87383,29.1837,66,31,0,2015-08-01 00:00:02,LIRA,General Cargo,KARTAL
377768000,8130851,41.88612,28.86559,163,161,108,2015-08-01 00:00:03,SITHONIA,General Cargo,BALCHIK
620040000,8401523,35.8115,27.39148,156,159,110,2015-08-01 00:00:05,OSMAN PRINCE,General Cargo,ALEXANDRIA
305826000,9559901,37.11659,12.0038,296,298,117,2015-08-01 00:00:05,THORCO AURORA,General Cargo,HUELVA
271002123,8212336,40.71723,28.82198,192,511,101,2015-08-01 00:00:06,ANNA M,General Cargo,MUDANYA
518100004,9043380,36.22171,21.99982,131,511,128,2015-08-01 00:00:06,RUBUS,General Cargo,HAIFA
305245000,9435117,35.92247,16.15149,86,84,97,2015-08-01 00:00:07,BBC COLORADO,General Cargo,ISKENDERUN
248098000,9143403,39.72167,11.16883,163,164,86,2015-08-01 00:00:07,SIDER CAPRI,General Cargo,GABES
247285400,9504279,38.30073,12.59087,91,90,106,2015-08-01 00:00:07,TOTO BR,General Cargo,CROTONE
214182424,9071064,38.56694,25.75362,358,2,101,2015-08-01 00:00:09,ST.MARIA,General Cargo,GEMLIK
305562000,9017410,38.33194,13.02375,265,265,97,2015-08-01 00:00:09,PERU,General Cargo,BILBAO
636012771,9371024,36.50601,14.39137,107,511,79,2015-08-01 00:00:10,SAXONA,General Cargo,TO ORDER
271002353,9187978,34.0648,27.69817,99,97,90,2015-08-01 00:00:10,SEHER II,General Cargo,ORDER
229940000,9364007,42.4901,15.79617,138,141,79,2015-08-01 00:00:11,SEA TRADER,General Cargo,ISKENDERUN
248832000,9173355,36.34214,21.52771,92,89,119,2015-08-01 00:00:12,SIR ALBERT,General Cargo,LARYMNA.GREECE
357019000,8319524,32.08599,24.05571,27,511,0,2015-08-01 00:00:12,SEA AMORE,General Cargo,TOBRUK
271002635,8216100,35.82396,10.64662,243,511,0,2015-08-01 00:00:12,BEKIR HACIBEKIROGLU,General Cargo,SOUSSE
271000829,9357078,40.9678,19.23505,199,200,113,2015-08-01 00:00:12,OSMAN DOGRUYOL,General Cargo,NEMRUT/TURKEY
351429000,9508603,41.16019,17.41093,127,128,94,2015-08-01 00:00:14,ERGE,General Cargo,SKIKDA
248400000,9453614,39.12607,19.45792,149,145,91,2015-08-01 00:00:15,MEROVING,General Cargo,ROTA (TURKEY
246210000,9229087,37.25006,20.84587,317,323,124,2015-08-01 00:00:15,VOORNEDIEP,General Cargo,BRINDISI
256183000,9057317,39.79373,19.31926,152,149,73,2015-08-01 00:00:15,EREGLI,General Cargo,AMBARLI
304995000,9218208,36.42329,17.51447,91,92,101,2015-08-01 00:00:15,SIRIUS,General Cargo,NIKOLAEV
249801000,9513373,38.5408,11.65261,96,95,103,2015-08-01 00:00:17,PUFFY,General Cargo,RAVENNA
312284000,8872801,38.00209,16.65506,39,34,96,2015-08-01 00:00:17,LUCKY JOY,General Cargo,CHIOGGIA
371175000,8971190,35.51711,28.9133,286,285,81,2015-08-01 00:00:17,ALEKSEY NOVOSELOV,General Cargo,ROSTOV
312772000,8418253,40.41378,10.85817,161,511,87,2015-08-01 00:00:18,ALI B,General Cargo,MISRATAH
237006500,6500909,36.8974,27.28829,0,511,0,2015-08-01 00:00:18,DIMITRIOS,General Cargo,KOS
214181807,8422010,35.53503,22.76337,130,131,65,2015-08-01 00:00:19,THUNDER,General Cargo,BEIRUT
373735000,9430624,40.9621,28.92576,165,323,1,2015-08-01 00:00:19,ORUBA,General Cargo,BERDYANSK
271002180,8520903,40.76471,29.43993,36,24,0,2015-08-01 00:00:20,KARAKARTAL,General Cargo,HEREKE
248573000,9081435,37.02794,27.06135,147,147,75,2015-08-01 00:00:20,VEGA II,General Cargo,TRIPOLI
240723000,7637668,40.09193,22.90628,346,346,83,2015-08-01 00:00:20,CALYPSO I,General Cargo,THESSALONIKI
341438000,9250397,40.96502,28.96513,240,241,123,2015-08-01 00:00:20,FITBURG,General Cargo,HAIFA
518697000,7920364,40.74831,28.24236,272,270,94,2015-08-01 00:00:21,TUZLA,General Cargo,NEA KARVALI
271002247,7806166,39.00636,26.71053,148,145,81,2015-08-01 00:00:21,FIDAN,General Cargo,ALIAGA
244865000,9346691,39.45429,18.23908,219,217,90,2015-08-01 00:00:22,VELSERDIJK,General Cargo,POZZALLO
636015267,9229075,39.98305,26.05731,66,65,100,2015-08-01 00:00:22,VEERSEDIEP,General Cargo,LIMAS
271002103,9005895,38.0477,26.33332,155,511,90,2015-08-01 00:00:23,KAPTAN CEVDET,General Cargo,GULLUK
518710000,8402864,40.0085,25.98733,258,260,113,2015-08-01 00:00:23,UMAY,General Cargo,DAMMAM
305887000,9139323,38.24978,12.72172,81,81,74,2015-08-01 00:00:23,ADDI L.,General Cargo,RAVENNA
271002656,9424259,37.11575,27.11008,164,166,74,2015-08-01 00:00:24,TOLGA TOMBA,General Cargo,ISKENDERUN/TURKEY
357104000,9379480,38.67593,24.19087,120,120,89,2015-08-01 00:00:24,BOULIS,General Cargo,ORISTANO
515694000,8721337,36.49283,22.09661,295,292,73,2015-08-01 00:00:24,AMUR 2507,General Cargo,TORRE ANNUNZIATA
538001564,9261011,39.18516,25.40464,205,202,141,2015-08-01 00:00:25,CORINTH,General Cargo,RAVENNA ITALY
249201000,9359210,38.82397,24.03698,119,511,99,2015-08-01 00:00:26,ASVIRA,General Cargo,BARLETTA
357297000,8906494,40.84349,29.24685,53,46,1,2015-08-01 00:00:26,FEYZ COMMANDER,General Cargo,ORDER
244710882,9674921,40.48833,26.95218,69,68,103,2015-08-01 00:00:28,ZEALAND AMALIA,General Cargo,YUZHNY OPL
237565100,7614824,39.76006,23.12019,341,340,77,2015-08-01 00:00:29,CALYPSO,General Cargo,LARYMNA-THESSALONIKI
246872000,9658094,38.35455,16.68832,39,44,91,2015-08-01 00:00:29,ABIS DUISBURG,General Cargo,TARANTO
201100097,7125196,39.9285,19.76853,312,511,86,2015-08-01 00:00:29,FROSINA,General Cargo,VLORE
271000833,9349021,39.89042,19.29417,146,145,82,2015-08-01 00:00:31,ASLI ELIF,General Cargo,ALIAGA
245529000,9195391,36.797,20.82233,287,291,104,2015-08-01 00:00:33,HENDRIK S,General Cargo,BIRKENHEAD
271000216,8302404,40.41707,29.08674,209,106,0,2015-08-01 00:00:37,MAKBULE ANA,General Cargo,GEMLIK
240189000,7931088,38.33725,21.84659,356,511,0,2015-08-01 00:00:38,ELENI K II,General Cargo,DREPANO
271002078,7937874,40.72952,28.84433,66,511,79,2015-08-01 00:00:39,YUSUF CELAL,General Cargo,SARAYLAR
214182224,8105428,35.93716,22.92159,235,238,112,2015-08-01 00:00:39,ICEL,General Cargo,MISRATAH
246745000,9507130,36.334,19.64485,89,90,111,2015-08-01 00:00:40,BARENTSZDIEP,General Cargo,LIMAS
373532000,9055931,38.7644,26.9154,336,154,1,2015-08-01 00:00:42,SALACAK,General Cargo,NEMRUT
271043732,8500056,40.96974,28.99763,15,15,82,2015-08-01 00:00:43,KNIDOS M,General Cargo,BANDIRMA
273338780,9106936,41.09764,29.05943,183,179,101,2015-08-01 00:00:44,MERLE,General Cargo,MERSIN
356425000,9031260,34.48733,28.34603,117,114,80,2015-08-01 00:00:45,VERA SKY,General Cargo,ASHDOD
377734000,9142447,38.60242,10.12517,94,94,96,2015-08-01 00:00:45,ALLEGRO,General Cargo,DURRES
256331000,9375082,38.77788,15.36913,337,329,90,2015-08-01 00:00:46,PALMALI CONFIDENCE,General Cargo,NAPLES
357216000,8500408,38.31565,15.60996,274,278,73,2015-08-01 00:00:46,REGGAE,General Cargo,BEJAIA
352017000,9370745,35.95851,26.9112,269,269,129,2015-08-01 00:00:47,ANDALUCIA,General Cargo,GIBRALTAR
256203000,9367841,38.48685,13.06685,274,274,66,2015-08-01 00:00:47,ELENI K III,General Cargo,PORTO VESME
357925000,8914312,37.06933,21.12667,313,316,94,2015-08-01 00:00:48,MEHMET AGA,General Cargo,PORTO MARGERA
229725000,9401934,37.8392,23.4779,278,280,93,2015-08-01 00:00:48,ST.ANDREW,General Cargo,KALAMAKI
305396000,9421154,42.71461,15.57836,140,141,101,2015-08-01 00:00:49,UBC MOIN,General Cargo,BEJAIA
271000388,8512059,41.86185,28.78305,327,330,100,2015-08-01 00:00:50,ERHAN ARAZ,General Cargo,RO GALATZ
312940000,9148738,36.45533,27.069,320,188,82,2015-08-01 00:00:50,JOY H,General Cargo,CONSTANTA
636016381,9449388,39.3183,25.5167,29,31,30,2015-08-01 00:00:51,SANTANA,General Cargo,MARIUPOL UKRAINE
271000919,9045704,42.22579,29.10039,354,352,98,2015-08-01 00:00:51,CS CIHAN,General Cargo,CONSTANTA
207021000,8301840,40.77794,29.60047,229,511,1,2015-08-01 00:00:51,SOZOPOL 1,General Cargo,DILER
636012774,9372468,37.5469,25.89787,168,167,81,2015-08-01 00:00:52,SPARTA,General Cargo,BEIRUT
720927000,9071052,37.10045,12.48503,286,288,88,2015-08-01 00:00:53,KATJA,General Cargo,SEVILLA
577176000,7924334,37.259,23.83725,218,214,77,2015-08-01 00:00:53,GULER,General Cargo,AL KHUMS
256551000,9372602,36.0106,29.53455,113,112,69,2015-08-01 00:00:54,AZOV CONFIDENCE,General Cargo,DORTYOL TURKEY
518690000,8917869,37.34616,25.26783,90,511,80,2015-08-01 00:00:54,BIRCH,General Cargo,ALEXANDRIA
255805480,9388388,39.37999,17.84768,229,227,148,2015-08-01 00:00:54,LIBERTAS H,General Cargo,GIOIA TAURO
376549000,8412558,38.00353,25.7993,171,172,116,2015-08-01 00:00:55,UNION DEMETER,General Cargo,PORT SAID
636013841,9512434,34.76012,17.85032,109,109,115,2015-08-01 00:00:56,OCEAN FORTUNE,General Cargo,ALEXANDRIA
246803000,9536052,40.63106,18.26476,146,144,88,2015-08-01 00:00:57,GEERVLIET,General Cargo,LIMAS
477441900,9458456,35.30544,22.12085,68,68,134,2015-08-01 00:00:58,PACIFIC VICTOR,General Cargo,TRABZON
273334560,9598866,36.39929,23.19694,89,88,104,2015-08-01 00:00:59,NEVA LEADER 6,General Cargo,ROSTOV
373173000,8602957,37.17325,10.79705,278,280,73,2015-08-01 00:01:00,LADY AY,General Cargo,RADES
304341000,9014676,36.23672,23.10552,0,211,0,2015-08-01 00:01:00,WITTENBERGEN,General Cargo,BELFAST
256689000,9387736,36.24183,29.10883,289,293,102,2015-08-01 00:01:01,AZOV COAST,General Cargo,TAGANROG
355463000,9306433,35.96133,25.645,135,134,102,2015-08-01 00:01:01,SIRIOS BULKER I,General Cargo,ALEXANDRIA
271001038,9391452,41.00467,28.99117,189,185,123,2015-08-01 00:01:01,SUAT KARABEKIR,General Cargo,NEMRUT
312050000,9031430,36.95203,15.51696,220,511,88,2015-08-01 00:01:02,CPT.AHMAD II,General Cargo,BEJAIA
247182200,9338125,36.30267,15.10083,193,193,107,2015-08-01 00:01:02,SDS WIND,General Cargo,GABES
271044047,9383730,36.4781,16.29353,269,268,90,2015-08-01 00:01:02,HATICE CAVUSOGLU,General Cargo,JORF LASFAR
271000766,9045663,36.44382,22.07245,115,511,123,2015-08-01 00:01:02,H.KAPTAN,General Cargo,ISKENDERUN
304142000,9073086,37.66619,10.18467,270,267,113,2015-08-01 00:01:03,EMSTAL,General Cargo,SEVILLA/SPAIN
305779000,9087532,36.90226,12.24811,303,304,119,2015-08-01 00:01:03,PLANET V,General Cargo,CASTELLON
304046000,9373503,40.4236,28.91807,275,275,102,2015-08-01 00:01:04,SPANACO LOYALTY,General Cargo,ALIAGA
671471000,9237931,38.68513,20.37959,326,322,111,2015-08-01 00:01:04,HARMONY M,General Cargo,PLOCE
376423000,8411671,36.51095,22.09314,296,296,79,2015-08-01 00:01:04,MARE,General Cargo,RIJEKA
305779000,9087532,36.90226,12.24811,303,304,119,2015-08-01 00:01:05,PLANET V,General Cargo,CASTELLON
249114000,9430791,37.18967,26.94358,148,143,100,2015-08-01 00:01:05,CELIK 1,General Cargo,ISKENDERUN/TURKEY
236402000,9347073,34.82831,11.92282,348,349,106,2015-08-01 00:01:07,BREMER ELENA,General Cargo,BIZERTE
236256000,9302061,40.81007,28.87885,62,74,12,2015-08-01 00:01:08,BBC BULGARIA,General Cargo,POTI
518616000,8220759,36.20793,18.34478,263,260,82,2015-08-01 00:01:08,DADALI,General Cargo,TENES
271000303,9001148,42.56024,28.96487,173,169,111,2015-08-01 00:01:09,DOST 1,General Cargo,GEBZE
341032000,8728490,36.468,28.23997,129,132,63,2015-08-01 00:01:09,VOLGA 4052,General Cargo,ASHDOD (ISRAEL
271001001,9381940,36.6799,14.34798,286,287,89,2015-08-01 00:01:10,ZINNET CAVUSOGLU,General Cargo,LAS SABLES
271042622,9540601,38.60623,24.71622,191,186,101,2015-08-01 00:01:11,SELDENIZ,General Cargo,VALENCIA
245726000,9514937,40.20261,17.15993,172,172,99,2015-08-01 00:01:12,WAALDIJK,General Cargo,SETUBAL
671606000,7522203,33.13573,29.0675,295,511,90,2015-08-01 00:01:12,ALBATROSS,General Cargo,BARLETTA
272141000,8918356,42.49296,29.06952,351,354,80,2015-08-01 00:01:12,BBANA DO CASTELO,General Cargo,CONSTANTA
248737000,9564994,38.44847,25.77829,356,356,104,2015-08-01 00:01:12,ZEYCAN ANA,General Cargo,DERINCE
248689000,9507350,42.08348,10.6453,168,166,96,2015-08-01 00:01:13,WILSON ALGECIRAS,General Cargo,ZARZIS
370584000,9508768,37.23822,15.2016,256,511,0,2015-08-01 00:01:13,MUNZUR,General Cargo,ORDER
271043908,9000716,39.22795,25.75735,24,25,67,2015-08-01 00:01:14,ELIT,General Cargo,GEMLIK
246602000,9385893,36.81868,13.56457,283,286,106,2015-08-01 00:01:14,FRISIANA,General Cargo,MOERDIJK NL
518955000,9061265,41.26983,12.2605,316,319,115,2015-08-01 00:01:16,ARCHER,General Cargo,CIVITAVECCHIA
248581000,9506564,36.3922,22.70986,259,258,100,2015-08-01 00:01:16,BONITO,General Cargo,CASABLANCA
241233000,7708417,38.25939,21.73624,0,511,0,2015-08-01 00:01:16,AGIOS GEORGIOS,General Cargo,PATRA
518898000,9141912,40.76534,28.78741,78,76,102,2015-08-01 00:01:17,HILAL BEY,General Cargo,ZONGULDAK
235101908,9338137,35.68622,27.6391,141,139,120,2015-08-01 00:01:18,REUNION BAY,General Cargo,SUEZ
667005041,8321682,38.2815,20.11152,157,159,80,2015-08-01 00:01:19,MERO STAR,General Cargo,DAMIETTA
271043941,8102799,38.3647,26.22982,212,216,57,2015-08-01 00:01:19,MUHAMMET GUMUSTAS 2,General Cargo,ISKENDERUN
214180910,8620040,40.86375,28.95923,162,157,67,2015-08-01 00:01:20,NEREY,General Cargo,GEBZE
256207000,9306407,39.172,22.85133,201,165,0,2015-08-01 00:01:21,WOLF,General Cargo,TSINGELI
373249000,7928665,34.68904,13.07934,51,60,74,2015-08-01 00:01:21,NASIP,General Cargo,CATANIA
271002067,8715390,41.86831,16.52763,132,130,80,2015-08-01 00:01:22,KAPTAN HILMI III,General Cargo,SOUSSE-TUNISIA
515184000,8211136,40.95679,28.9575,215,511,84,2015-08-01 00:01:22,SIBIRSKIY 2132,General Cargo,BANDIRMA
229372000,9651541,41.06141,17.78569,315,317,93,2015-08-01 00:01:24,SIDER TIS,General Cargo,PORTO MARGHERA
256447000,9412361,36.88548,13.76073,286,286,91,2015-08-01 00:01:24,AYLISH,General Cargo,LEIXOES/PORTUGAL
577302000,8602000,38.34599,14.91535,97,511,72,2015-08-01 00:01:25,MY DURU,General Cargo,PLOCE
370804000,8903052,37.55781,20.53874,332,332,63,2015-08-01 00:01:25,LADY ARZU,General Cargo,CHIOGGIA
271043599,8834940,42.22043,28.59087,338,340,79,2015-08-01 00:01:26,FIRTINA S,General Cargo,ILLICHIVSK
271000615,9045651,36.42129,18.73482,269,269,94,2015-08-01 00:01:26,MISTRAL,General Cargo,BIZZERTE
356211000,9504944,37.56748,10.69044,282,286,98,2015-08-01 00:01:27,RIO EKUKU,General Cargo,BATA
518916000,9142540,40.55347,27.82186,98,96,123,2015-08-01 00:01:28,BOZOK,General Cargo,GEMLIK
372810000,9005388,42.48861,27.47849,236,271,0,2015-08-01 00:01:28,ARINDA JOY,General Cargo,BURGAS
304373000,9235385,35.84363,14.64431,30,4,1,2015-08-01 00:01:28,JANINA,General Cargo,MARSAXLOK
511005100,8407448,39.65229,19.56134,143,320,88,2015-08-01 00:01:29,BASEL S5,General Cargo,GULLUK
511040000,8703256,34.30921,25.18923,113,111,112,2015-08-01 00:01:31,BASEL S3,General Cargo,PORTSAID
518100059,9137856,40.70065,29.46095,0,511,0,2015-08-01 00:01:34,NAUTICAST,General Cargo,YALOVA
247289300,9504619,38.4635,24.79267,194,196,122,2015-08-01 00:01:34,CDRY BLUE,General Cargo,ORDER
616886000,7429322,37.41841,10.80912,107,108,111,2015-08-01 00:01:34,KALELI ANA,General Cargo,ORDER
373157000,9368637,37.91632,23.02014,195,44,1,2015-08-01 00:01:36,JILDA,General Cargo,KALAMAKI
271002598,9384978,38.91169,26.77126,328,10,92,2015-08-01 00:01:37,ENKO HASLAMAN,General Cargo,AMBARLI
271000929,9352183,38.51133,25.09317,32,32,90,2015-08-01 00:01:37,GUNDEM 3,General Cargo,GEMLIK
636015263,9421087,34.3215,26.4315,108,109,102,2015-08-01 00:01:37,LOODIEP,General Cargo,ASHDOD
671389000,8202941,37.48642,23.87939,203,278,1,2015-08-01 00:01:38,SEA BIRD,General Cargo,ORDER
311056200,9473236,40.71034,18.80684,7,9,124,2015-08-01 00:01:38,CLIPPER NEWARK,General Cargo,BAR / MONTENEGRO
319760000,9327920,37.11495,27.27968,329,206,1,2015-08-01 00:01:39,SPUTNIK,General Cargo,DUBROVNIK
620036000,8913021,34.24144,25.19126,127,126,116,2015-08-01 00:01:39,AMIRA LEEN,General Cargo,ALEXANDRIA / EGYPT
271000739,9280225,41.05967,29.04517,200,201,110,2015-08-01 00:01:40,MUAZZEZ K,General Cargo,NEMRUT
212267000,9371402,41.2412,19.40126,231,33,0,2015-08-01 00:01:40,TONGAN II,General Cargo,DURRES
271001050,9379349,36.22659,29.06819,293,295,130,2015-08-01 00:01:41,MICHEL A,General Cargo,PIRAEUS
271000956,9401037,38.37331,20.13603,335,333,106,2015-08-01 00:01:42,DINAMIK,General Cargo,KOPER
271002144,9040962,32.87289,29.27225,336,335,102,2015-08-01 00:01:44,MUAMMER YAAGCI,General Cargo,LARIMNA
304010767,9014664,36.8924,13.58985,286,289,82,2015-08-01 00:01:44,RHEINFELS,General Cargo,CEUTA
"244819000,9401245,34.8285,25.4585,92,93,91,2015-08-01 00:01:44,BEAUMARE,General Cargo,""TRIPOLI,LB"""
376986000,8109101,40.95765,28.91521,0,319,0,2015-08-01 00:01:45,MAXAL ZITA,General Cargo,BIZERTE
271002264,7520712,39.439,26.31967,285,290,108,2015-08-01 00:01:48,MIRAC 3,General Cargo,NULL
564351000,8507200,41.08289,17.71963,145,146,139,2015-08-01 00:01:48,GEIRANGER,General Cargo,GIBRALTAR
247285200,9546447,41.77126,16.75998,133,132,110,2015-08-01 00:01:48,HARTURA,General Cargo,SKIKDA
305810000,9409613,37.04045,23.74155,220,222,82,2015-08-01 00:01:49,PELEUS,General Cargo,RAVENNA
671480000,7510884,40.43533,29.11383,317,511,0,2015-08-01 00:01:49,SKIFF,General Cargo,GEMLIK
351734000,9437309,32.78185,28.26537,289,290,143,2015-08-01 00:01:49,ABB VANESSA,General Cargo,BE ANR
373898000,9195731,35.84526,18.01394,86,89,101,2015-08-01 00:01:50,LADY GUL,General Cargo,MERSIN
271000825,9335355,40.96823,28.97257,242,511,81,2015-08-01 00:01:52,GULIZAR ANA,General Cargo,TURKELI
271000269,9040936,39.51147,26.03621,9,13,98,2015-08-01 00:01:53,ATASOYLAR,General Cargo,TUZLA
239279500,7524017,37.24349,26.54794,96,90,80,2015-08-01 00:01:53,KOSTAS DIMAKIS,General Cargo,ALIVERI
305251000,9391036,35.747,28.81633,271,269,116,2015-08-01 00:01:53,BALU C,General Cargo,ISTANBUL
"353262000,9400899,36.20647,15.87525,88,89,127,2015-08-01 00:01:53,CLIPPER KAMOSHIO,General Cargo,""CONSTANTA,ROMANIA"""
304228000,9017422,36.81751,15.42814,218,218,99,2015-08-01 00:01:56,PASADENA,General Cargo,CEUTA
672703000,9523237,38.2831,10.26388,291,293,91,2015-08-01 00:01:57,RADES,General Cargo,PORTO VESME
273111100,7625691,37.45687,11.17512,295,295,109,2015-08-01 00:01:57,FEDOR VARAKSIN,General Cargo,LIEPAJA
620000001,7113624,32.0926,24.03599,18,511,1,2015-08-01 00:01:57,AZEZA MOON,General Cargo,TUBRUQ
247310200,9504633,39.79353,18.43715,15,19,99,2015-08-01 00:01:58,CDRY BLACK,General Cargo,BARLETTA
312425000,8408650,36.78149,23.35903,198,185,102,2015-08-01 00:01:58,HALA B,General Cargo,KOPER
215576000,8607579,38.29094,25.92932,181,318,1,2015-08-01 00:02:00,SIRIOS CEMENT III,General Cargo,MESTA.CHIOS
241374000,7903249,38.004,16.6175,219,511,101,2015-08-01 00:02:00,EVIACEMENT IV,General Cargo,LICATA
271040283,9473975,36.22987,15.72551,281,279,87,2015-08-01 00:02:00,ATLAS B,General Cargo,CASTELLON
236472000,9347085,39.68395,18.41241,41,42,94,2015-08-01 00:02:01,BREMER JOHANNA,General Cargo,SPLIT
636016745,9506588,35.71281,14.55515,244,244,102,2015-08-01 00:02:01,BEE,General Cargo,GABES/TUNISIAN
538005972,9268083,36.30015,14.46005,269,268,114,2015-08-01 00:02:01,AUCKLAND SPIRIT,General Cargo,GIBRALTAR
671240000,8812875,36.58433,23.522,229,248,90,2015-08-01 00:02:02,HUDA F,General Cargo,Y
240246000,7822483,38.23115,24.57308,147,162,79,2015-08-01 00:02:02,ZOE,General Cargo,ASPROPIRGOS
377768000,8130851,41.88032,28.86808,161,159,107,2015-08-01 00:02:03,SITHONIA,General Cargo,BALCHIK
271000921,9376282,40.35217,27.95967,23,34,0,2015-08-01 00:02:04,ICDAS,General Cargo,BANDIRMA
201100115,8401561,41.23544,18.17107,90,84,70,2015-08-01 00:02:04,FROJDI II,General Cargo,DURRES
271002123,8212336,40.71169,28.82045,191,511,101,2015-08-01 00:02:05,ANNA M,General Cargo,MUDANYA
241122000,7118181,37.64861,23.99306,213,511,57,2015-08-01 00:02:05,AGIOS RAFAIL,General Cargo,ELEFSINA
248098000,9143403,39.717,11.17083,161,163,86,2015-08-01 00:02:06,SIDER CAPRI,General Cargo,GABES
247285400,9504279,38.3006,12.59842,91,90,106,2015-08-01 00:02:07,TOTO BR,General Cargo,CROTONE
305245000,9435117,35.92275,16.1582,86,84,98,2015-08-01 00:02:07,BBC COLORADO,General Cargo,ISKENDERUN
244710882,9674921,40.49003,26.95809,69,68,104,2015-08-01 00:02:08,ZEALAND AMALIA,General Cargo,YUZHNY OPL
248361000,8511146,42.42094,29.40406,6,3,87,2015-08-01 00:02:09,HUSREV,General Cargo,BRAILA
376532000,9143594,39.61123,12.98506,125,122,88,2015-08-01 00:02:10,WATERWAY,General Cargo,CHIOGGIA
214182424,9071064,38.57255,25.75389,1,3,99,2015-08-01 00:02:10,ST.MARIA,General Cargo,GEMLIK
271002353,9187978,34.06381,27.70409,102,97,90,2015-08-01 00:02:10,SEHER II,General Cargo,ORDER
271000930,9414723,40.76851,29.54863,0,314,0,2015-08-01 00:02:11,KADIR KAPTAN 7,General Cargo,DILISKELESI-TURKEY
636012771,9371024,36.50465,14.39667,107,511,79,2015-08-01 00:02:11,SAXONA,General Cargo,TO ORDER
273358650,9403487,35.10438,23.85755,285,286,92,2015-08-01 00:02:11,GELIUS 2,General Cargo,MARGHERA(ITALY
244017000,9246906,37.57758,15.88553,214,210,67,2015-08-01 00:02:11,FRISIAN LADY,General Cargo,MALTA
271002090,7407219,40.83602,29.25279,324,511,52,2015-08-01 00:02:12,MEHMET AKIN,General Cargo,NULL
271043190,9598804,40.75993,28.00578,81,84,87,2015-08-01 00:02:13,DONAU EKSPRES II,General Cargo,HAYDARPASA
677042400,8116843,34.22271,22.64096,260,261,88,2015-08-01 00:02:14,AMAL NEPTUNE,General Cargo,MISRATAH
305826000,9559901,37.11987,11.99588,297,298,118,2015-08-01 00:02:15,THORCO AURORA,General Cargo,HUELVA
229940000,9364007,42.48675,15.80007,139,140,79,2015-08-01 00:02:15,SEA TRADER,General Cargo,ISKENDERUN
351429000,9508603,41.15702,17.41643,125,126,93,2015-08-01 00:02:15,ERGE,General Cargo,SKIKDA
248400000,9453614,39.12167,19.46123,149,145,92,2015-08-01 00:02:15,MEROVING,General Cargo,ROTA (TURKEY
256183000,9057317,39.79019,19.32167,151,149,72,2015-08-01 00:02:15,EREGLI,General Cargo,AMBARLI
620040000,8401523,35.80532,27.39482,155,159,110,2015-08-01 00:02:16,OSMAN PRINCE,General Cargo,ALEXANDRIA
246210000,9229087,37.25525,20.83995,317,323,124,2015-08-01 00:02:17,VOORNEDIEP,General Cargo,BRINDISI
312284000,8872801,38.00625,16.65931,38,34,96,2015-08-01 00:02:17,LUCKY JOY,General Cargo,CHIOGGIA
312772000,8418253,40.40921,10.86036,159,511,87,2015-08-01 00:02:18,ALI B,General Cargo,MISRATAH
240723000,7637668,40.09643,22.90476,344,345,84,2015-08-01 00:02:20,CALYPSO I,General Cargo,THESSALONIKI
341438000,9250397,40.96165,28.95734,240,240,122,2015-08-01 00:02:20,FITBURG,General Cargo,HAIFA
248573000,9081435,37.02442,27.06418,147,147,75,2015-08-01 00:02:20,VEGA II,General Cargo,TRIPOLI
271000829,9357078,40.96135,19.23195,200,200,112,2015-08-01 00:02:21,OSMAN DOGRUYOL,General Cargo,NEMRUT/TURKEY
244865000,9346691,39.45042,18.23495,219,219,90,2015-08-01 00:02:22,VELSERDIJK,General Cargo,POZZALLO
248864000,9045601,35.10121,29.25819,299,299,87,2015-08-01 00:02:22,MEHMET BEY,General Cargo,CONSTANTA
256291000,8609620,34.45081,21.80586,289,292,102,2015-08-01 00:02:23,BSLE TERESA,General Cargo,BARCELONA
271000192,8913332,40.72005,29.4787,353,511,1,2015-08-01 00:02:23,CAFER KALKAVAN,General Cargo,NULL
636015267,9229075,39.98533,26.06397,66,64,100,2015-08-01 00:02:23,VEERSEDIEP,General Cargo,LIMAS
518710000,8402864,40.007,25.97933,251,236,111,2015-08-01 00:02:23,UMAY,General Cargo,DAMMAM
305887000,9139323,38.25032,12.72698,82,81,74,2015-08-01 00:02:23,ADDI L.,General Cargo,RAVENNA
271002656,9424259,37.11172,27.11138,166,168,74,2015-08-01 00:02:24,TOLGA TOMBA,General Cargo,ISKENDERUN/TURKEY
357104000,9379480,38.67335,24.19634,120,119,89,2015-08-01 00:02:24,BOULIS,General Cargo,ORISTANO
676068000,8504181,42.38091,16.663,122,119,76,2015-08-01 00:02:24,MERMAID,General Cargo,GEMLIK
538001564,9261011,39.17795,25.4005,203,204,142,2015-08-01 00:02:25,CORINTH,General Cargo,RAVENNA ITALY
518100004,9043380,36.21626,22.00752,131,511,129,2015-08-01 00:02:26,RUBUS,General Cargo,HAIFA
273315960,9396658,40.04011,26.27014,51,51,71,2015-08-01 00:02:28,KAPITAN ABAKUMOV,General Cargo,AZOV
271000226,9014561,40.84964,29.28829,324,70,0,2015-08-01 00:02:28,HACI HILMI II,General Cargo,TUZLA
214181807,8422010,35.5325,22.767,130,132,65,2015-08-01 00:02:29,THUNDER,General Cargo,BEIRUT
271002131,9075462,40.85292,29.28829,334,511,0,2015-08-01 00:02:30,OMERBEY I,General Cargo,ISTANBUL
248832000,9173355,36.34181,21.53731,93,89,119,2015-08-01 00:02:31,SIR ALBERT,General Cargo,LARYMNA.GREECE
312661000,8121020,35.53461,27.83881,147,142,111,2015-08-01 00:02:31,PAPA JOY,General Cargo,DAMITTA
305373000,9488645,35.57738,26.03634,303,305,90,2015-08-01 00:02:31,BOREAS,General Cargo,PIRAEUS
304983000,9306421,36.353,22.59617,75,76,98,2015-08-01 00:02:31,ADALADY,General Cargo,GEMLIK
271002247,7806166,39.00213,26.7139,148,146,81,2015-08-01 00:02:32,FIDAN,General Cargo,ALIAGA
277318000,8411669,40.04222,10.48335,150,149,88,2015-08-01 00:02:32,DIAMANT,General Cargo,POZALLO
271002103,9005895,38.0427,26.3362,154,511,91,2015-08-01 00:02:32,KAPTAN CEVDET,General Cargo,GULLUK
271000965,9420162,41.11305,29.07075,212,209,91,2015-08-01 00:02:33,SELAHATTIN ASLAN 2,General Cargo,SETE
671556000,8217714,32.36448,15.22347,232,511,0,2015-08-01 00:02:34,CAVE,General Cargo,MISRATAH
249801000,9513373,38.54009,11.66113,96,94,103,2015-08-01 00:02:35,PUFFY,General Cargo,RAVENNA
271000871,9385427,42.463,28.37983,342,344,114,2015-08-01 00:02:35,HARUN KONAN,General Cargo,YUZHNY
304995000,9218208,36.42318,17.5226,91,92,101,2015-08-01 00:02:36,SIRIUS,General Cargo,NIKOLAEV
305057000,9357212,37.3211,18.26035,287,287,119,2015-08-01 00:02:37,BBC DELAWARE,General Cargo,GENOA
305562000,9017410,38.33143,13.01524,265,265,97,2015-08-01 00:02:38,PERU,General Cargo,BILBAO
256746000,9327774,36.97689,12.5618,280,279,113,2015-08-01 00:02:38,SPAVALDA,General Cargo,GIBRALTAR
236568000,9505338,36.88453,13.39953,103,82,116,2015-08-01 00:02:38,CONSTANCE,General Cargo,AALBORG
214182114,8104539,40.60685,18.68679,193,190,85,2015-08-01 00:02:38,VELA I,General Cargo,VALLETTA
246872000,9658094,38.3588,16.69272,39,44,92,2015-08-01 00:02:38,ABIS DUISBURG,General Cargo,TARANTO
518911000,9372846,35.82613,10.64679,273,344,0,2015-08-01 00:02:43,LODESTAR S,General Cargo,SOUSSE
515694000,8721337,36.49483,22.09126,295,292,73,2015-08-01 00:02:44,AMUR 2507,General Cargo,TORRE ANNUNZIATA
256582000,9368584,37.95217,16.81711,36,36,84,2015-08-01 00:02:44,ISMAIL SHIKHLY,General Cargo,BARI
341599000,9184653,37.62763,24.15718,220,218,112,2015-08-01 00:02:46,VEERSEBORG,General Cargo,LIVORNO
249201000,9359210,38.82086,24.04421,118,511,99,2015-08-01 00:02:46,ASVIRA,General Cargo,BARLETTA
244716000,8821797,34.57488,23.66188,100,101,138,2015-08-01 00:02:46,ANJELIERSGRACHT,General Cargo,HAIFA
676071000,8306400,40.84453,25.88015,0,68,0,2015-08-01 00:02:47,NAPOLI,General Cargo,TOBRK
312599000,7637632,36.03885,14.64694,214,225,74,2015-08-01 00:02:47,AGGELIKI,General Cargo,VALLETTA/MALTA
271044036,8500082,40.64649,28.34988,265,511,87,2015-08-01 00:02:47,IREM KAAN,General Cargo,ISKENDERUN
636092418,9214551,40.72298,29.47991,0,143,0,2015-08-01 00:02:48,KARADENIZ POWERSHIP YASIN BEY,General Cargo,YALOVA
312362000,8986987,40.96938,28.89075,322,195,0,2015-08-01 00:02:49,SOLIKAMSK,General Cargo,KHERSON
237565100,7614824,39.76477,23.11812,342,340,77,2015-08-01 00:02:49,CALYPSO,General Cargo,LARYMNA-THESSALONIKI
201100097,7125196,39.93217,19.76321,310,511,86,2015-08-01 00:02:49,FROSINA,General Cargo,VLORE
375793000,8301230,39.45584,19.29571,151,511,92,2015-08-01 00:02:51,ARBALIST,General Cargo,ORDERS
214182417,9053830,36.61835,14.78753,284,285,84,2015-08-01 00:02:51,IRIS,General Cargo,CASABLANCA
518697000,7920364,40.7485,28.23381,271,270,94,2015-08-01 00:02:51,TUZLA,General Cargo,NEA KARVALI
636090680,9202041,36.03329,23.05606,234,232,128,2015-08-01 00:02:52,BBC RHEIDERLAND,General Cargo,ALGECIRAS
518700000,8520446,37.14805,11.99293,298,306,73,2015-08-01 00:02:55,SALIX,General Cargo,CARDIFF
244650317,9629809,36.82002,20.56517,284,289,107,2015-08-01 00:02:56,ZUIDVLIET,General Cargo,BRAKE VIA CEUTA
312468000,8403894,36.64815,14.56662,285,511,111,2015-08-01 00:02:56,MERCURY M,General Cargo,SKIKDA
371175000,8971190,35.51885,28.90627,288,288,81,2015-08-01 00:02:56,ALEKSEY NOVOSELOV,General Cargo,ROSTOV
304010302,9015450,38.13469,24.84801,45,42,77,2015-08-01 00:02:57,UTTUM,General Cargo,ALIAGA
355731000,9306304,40.80483,18.10367,129,125,109,2015-08-01 00:02:57,VERA ROSE,General Cargo,KARTAL
245118000,9558464,34.09715,29.40486,312,316,171,2015-08-01 00:02:58,PACIFIC DAWN,General Cargo,DERINCE
240869000,8012839,39.34885,22.93257,199,269,0,2015-08-01 00:03:00,PANORMITIS,General Cargo,VOLOS
355463000,9306433,35.95733,25.65,134,135,102,2015-08-01 00:03:01,SIRIOS BULKER I,General Cargo,ALEXANDRIA
312050000,9031430,36.94813,15.5132,217,511,89,2015-08-01 00:03:02,CPT.AHMAD II,General Cargo,BEJAIA
247182200,9338125,36.29683,15.099,196,199,106,2015-08-01 00:03:02,SDS WIND,General Cargo,GABES
271044047,9383730,36.47806,16.28732,269,268,90,2015-08-01 00:03:03,HATICE CAVUSOGLU,General Cargo,JORF LASFAR
304142000,9073086,37.66628,10.17668,270,268,113,2015-08-01 00:03:03,EMSTAL,General Cargo,SEVILLA/SPAIN
245529000,9195391,36.79927,20.81364,287,291,104,2015-08-01 00:03:04,HENDRIK S,General Cargo,BIRKENHEAD
671471000,9237931,38.69023,20.37508,324,322,111,2015-08-01 00:03:04,HARMONY M,General Cargo,PLOCE
304046000,9373503,40.42415,28.91068,275,274,102,2015-08-01 00:03:04,SPANACO LOYALTY,General Cargo,ALIAGA
271002595,8121719,40.51498,28.27257,53,69,77,2015-08-01 00:03:04,ALI AGA,General Cargo,EVYAP
249114000,9430791,37.18498,26.94732,147,142,100,2015-08-01 00:03:05,CELIK 1,General Cargo,ISKENDERUN/TURKEY
304666000,9148154,37.26499,26.04791,336,511,53,2015-08-01 00:03:06,MAXAL RAISE,General Cargo,NIKOLAEV
376549000,8412558,37.9964,25.80062,171,172,116,2015-08-01 00:03:06,UNION DEMETER,General Cargo,PORT SAID
376783000,9006344,36.39851,22.79192,258,262,92,2015-08-01 00:03:06,SEVEN SEAS,General Cargo,SEVILLA
357216000,8500408,38.31606,15.60401,275,278,73,2015-08-01 00:03:06,REGGAE,General Cargo,BEJAIA
236402000,9347073,34.83425,11.92135,349,349,111,2015-08-01 00:03:07,BREMER ELENA,General Cargo,BIZERTE
518616000,8220759,36.20735,18.33922,263,260,82,2015-08-01 00:03:08,DADALI,General Cargo,TENES
236256000,9302061,40.81042,28.8797,59,74,13,2015-08-01 00:03:08,BBC BULGARIA,General Cargo,POTI
271000303,9001148,42.55394,28.96573,172,170,113,2015-08-01 00:03:09,DOST 1,General Cargo,GEBZE
373173000,8602957,37.17395,10.79162,279,279,73,2015-08-01 00:03:09,LADY AY,General Cargo,RADES
341032000,8728490,36.46555,28.24318,132,132,64,2015-08-01 00:03:09,VOLGA 4052,General Cargo,ASHDOD (ISRAEL
271001001,9381940,36.68139,14.34208,287,288,89,2015-08-01 00:03:10,ZINNET CAVUSOGLU,General Cargo,LAS SABLES
271042622,9540601,38.60067,24.71512,188,184,100,2015-08-01 00:03:11,SELDENIZ,General Cargo,VALENCIA
312316000,8322040,36.82348,10.36573,134,17,0,2015-08-01 00:03:11,FOULK,General Cargo,TUNIS
272141000,8918356,42.49735,29.06849,350,354,80,2015-08-01 00:03:12,BBANA DO CASTELO,General Cargo,CONSTANTA
248737000,9564994,38.45427,25.77785,356,356,104,2015-08-01 00:03:12,ZEYCAN ANA,General Cargo,DERINCE
245726000,9514937,40.19713,17.161,171,173,99,2015-08-01 00:03:12,WAALDIJK,General Cargo,SETUBAL
256689000,9387736,36.24434,29.10033,289,294,103,2015-08-01 00:03:12,AZOV COAST,General Cargo,TAGANROG
636012774,9372468,37.54169,25.8992,168,167,82,2015-08-01 00:03:13,SPARTA,General Cargo,BEIRUT
376423000,8411671,36.5132,22.08781,298,298,80,2015-08-01 00:03:14,MARE,General Cargo,RIJEKA
246602000,9385893,36.8201,13.55748,283,286,106,2015-08-01 00:03:15,FRISIANA,General Cargo,MOERDIJK NL
271002117,7364481,40.91863,29.12784,200,511,0,2015-08-01 00:03:15,CEREN 3,General Cargo,ORDR
305779000,9087532,36.90617,12.2405,303,304,119,2015-08-01 00:03:16,PLANET V,General Cargo,CASTELLON
235101908,9338137,35.68105,27.64421,141,139,119,2015-08-01 00:03:18,REUNION BAY,General Cargo,SUEZ
518898000,9141912,40.76646,28.7948,78,75,102,2015-08-01 00:03:19,HILAL BEY,General Cargo,ZONGULDAK
515184000,8211136,40.95304,28.95391,218,511,84,2015-08-01 00:03:22,SIBIRSKIY 2132,General Cargo,BANDIRMA
373249000,7928665,34.69163,13.08327,52,60,74,2015-08-01 00:03:23,NASIP,General Cargo,CATANIA
229372000,9651541,41.06513,17.78093,315,318,93,2015-08-01 00:03:24,SIDER TIS,General Cargo,PORTO MARGHERA
256447000,9412361,36.88688,13.75467,285,287,91,2015-08-01 00:03:24,AYLISH,General Cargo,LEIXOES/PORTUGAL
370804000,8903052,37.56097,20.53668,332,332,63,2015-08-01 00:03:25,LADY ARZU,General Cargo,CHIOGGIA
271000615,9045651,36.42118,18.72833,269,269,94,2015-08-01 00:03:26,MISTRAL,General Cargo,BIZZERTE
518955000,9061265,41.27483,12.25433,316,319,115,2015-08-01 00:03:26,ARCHER,General Cargo,CIVITAVECCHIA
273330220,9305336,40.83693,29.2419,318,23,0,2015-08-01 00:03:26,TANAIS,General Cargo,TUZLA
271043599,8834940,42.22455,28.58878,340,341,77,2015-08-01 00:03:26,FIRTINA S,General Cargo,ILLICHIVSK
256109000,9008079,32.07551,24.06635,0,336,0,2015-08-01 00:03:27,M.IZMIR,General Cargo,TOBRUK/LIBYA
518916000,9142540,40.55247,27.83076,98,96,124,2015-08-01 00:03:28,BOZOK,General Cargo,GEMLIK
271000388,8512059,41.86813,28.77783,328,329,100,2015-08-01 00:03:29,ERHAN ARAZ,General Cargo,RO GALATZ
511005100,8407448,39.6483,19.56501,144,320,87,2015-08-01 00:03:29,BASEL S5,General Cargo,GULLUK
667005041,8321682,38.27701,20.11396,157,158,80,2015-08-01 00:03:30,MERO STAR,General Cargo,DAMIETTA
667005102,7125225,40.76735,29.52301,250,511,0,2015-08-01 00:03:30,ALEXANDER Y,General Cargo,DILISKELEI
356071000,8521414,40.02588,26.25815,65,511,61,2015-08-01 00:03:31,BUSE TRIO,General Cargo,ELEFSIS
271002067,8715390,41.86491,16.53248,130,128,81,2015-08-01 00:03:31,KAPTAN HILMI III,General Cargo,SOUSSE-TUNISIA
271001038,9391452,40.9957,28.98968,189,185,118,2015-08-01 00:03:31,SUAT KARABEKIR,General Cargo,NEMRUT
271043908,9000716,39.23198,25.75969,24,25,67,2015-08-01 00:03:32,ELIT,General Cargo,GEMLIK
273334100,7612448,40.8165,28.89905,0,332,5,2015-08-01 00:03:32,BALTIYSKIY 111,General Cargo,AZOV
515247000,7402984,32.06707,24.04322,0,511,0,2015-08-01 00:03:35,HAJ AMIN I,General Cargo,TUBRUQ
372170000,8002822,41.10444,29.06133,204,196,67,2015-08-01 00:03:36,LADY NOUR,General Cargo,TARTOUS
720927000,9071052,37.10229,12.47685,285,289,87,2015-08-01 00:03:40,KATJA,General Cargo,SEVILLA
671606000,7522203,33.13847,29.06075,296,4,90,2015-08-01 00:03:40,ALBATROSS,General Cargo,BARLETTA
214180910,8620040,40.85948,28.96093,162,157,67,2015-08-01 00:03:41,NEREY,General Cargo,GEBZE
271000833,9349021,39.88432,19.29936,146,145,84,2015-08-01 00:03:42,ASLI ELIF,General Cargo,ALIAGA
247229600,9286712,34.65108,11.89351,253,255,115,2015-08-01 00:03:42,LUCA S,General Cargo,SFAX
671606000,7522203,33.13847,29.06075,296,4,90,2015-08-01 00:03:42,ALBATROSS,General Cargo,BARLETTA
356425000,9031260,34.48419,28.35317,118,114,79,2015-08-01 00:03:45,VERA SKY,General Cargo,ASHDOD
214182224,8105428,35.93214,22.91207,236,239,112,2015-08-01 00:03:46,ICEL,General Cargo,MISRATAH
356211000,9504944,37.56901,10.68263,283,286,98,2015-08-01 00:03:46,RIO EKUKU,General Cargo,BATA
352017000,9370745,35.95855,26.89805,269,269,129,2015-08-01 00:03:47,ANDALUCIA,General Cargo,GIBRALTAR
271002078,7937874,40.73222,28.85275,67,511,79,2015-08-01 00:03:48,YUSUF CELAL,General Cargo,SARAYLAR
357925000,8914312,37.07483,21.1195,313,316,95,2015-08-01 00:03:49,MEHMET AGA,General Cargo,PORTO MARGERA
636092040,9406829,35.81997,14.53996,0,316,0,2015-08-01 00:03:49,OPS HAMBURG,General Cargo,BEYROUTH
312940000,9148738,36.46083,27.06383,322,190,81,2015-08-01 00:03:50,JOY H,General Cargo,CONSTANTA
246745000,9507130,36.33401,19.65804,88,89,111,2015-08-01 00:03:50,BARENTSZDIEP,General Cargo,LIMAS
271043941,8102799,38.3614,26.22697,215,214,58,2015-08-01 00:03:50,MUHAMMET GUMUSTAS 2,General Cargo,ISKENDERUN
271000919,9045704,42.23392,29.09925,354,352,98,2015-08-01 00:03:51,CS CIHAN,General Cargo,CONSTANTA
577176000,7924334,37.25392,23.83241,217,213,77,2015-08-01 00:03:53,GULER,General Cargo,AL KHUMS
248689000,9507350,42.0765,10.64717,169,166,96,2015-08-01 00:03:53,WILSON ALGECIRAS,General Cargo,ZARZIS
256551000,9372602,36.00837,29.54113,112,112,69,2015-08-01 00:03:54,AZOV CONFIDENCE,General Cargo,DORTYOL TURKEY
518690000,8917869,37.34621,25.27627,89,511,81,2015-08-01 00:03:54,BIRCH,General Cargo,ALEXANDRIA
255805480,9388388,39.372,17.83553,229,227,148,2015-08-01 00:03:54,LIBERTAS H,General Cargo,GIOIA TAURO
377734000,9142447,38.60166,10.13586,94,94,95,2015-08-01 00:03:55,ALLEGRO,General Cargo,DURRES
518769000,8504246,40.88175,29.18815,123,5,2,2015-08-01 00:03:56,MENAS,General Cargo,TUZLA
636013841,9512434,34.75699,17.86136,108,108,115,2015-08-01 00:03:57,OCEAN FORTUNE,General Cargo,ALEXANDRIA
273374480,9087104,40.97578,28.93321,269,282,1,2015-08-01 00:03:57,RAPIDA,General Cargo,ISTANBUL
229725000,9401934,37.8404,23.46758,278,280,93,2015-08-01 00:03:58,ST.ANDREW,General Cargo,KALAMAKI
271043732,8500056,40.97721,28.99761,358,4,82,2015-08-01 00:03:58,KNIDOS M,General Cargo,BANDIRMA
477441900,9458456,35.30956,22.13365,68,68,134,2015-08-01 00:03:58,PACIFIC VICTOR,General Cargo,TRABZON
273334560,9598866,36.39928,23.20771,90,89,103,2015-08-01 00:03:59,NEVA LEADER 6,General Cargo,ROSTOV
271040283,9473975,36.23081,15.71969,281,279,87,2015-08-01 00:04:00,ATLAS B,General Cargo,CASTELLON
241374000,7903249,37.9995,16.61333,216,511,102,2015-08-01 00:04:00,EVIACEMENT IV,General Cargo,LICATA
636016745,9506588,35.71039,14.54887,244,244,103,2015-08-01 00:04:01,BEE,General Cargo,GABES/TUNISIAN
538005972,9268083,36.30013,14.45217,269,268,115,2015-08-01 00:04:01,AUCKLAND SPIRIT,General Cargo,GIBRALTAR
271002365,6720066,40.88227,29.20374,0,511,0,2015-08-01 00:04:02,ANAFARTA,General Cargo,KARTAL
240246000,7822483,38.2274,24.57595,151,165,78,2015-08-01 00:04:02,ZOE,General Cargo,ASPROPIRGOS
305810000,9409613,37.03638,23.73729,219,222,82,2015-08-01 00:04:03,PELEUS,General Cargo,RAVENNA
271000825,9335355,40.96634,28.9665,247,511,82,2015-08-01 00:04:03,GULIZAR ANA,General Cargo,TURKELI
671240000,8812875,36.58117,23.5175,229,247,90,2015-08-01 00:04:04,HUDA F,General Cargo,Y
271002251,7827354,38.42736,27.10868,138,511,2,2015-08-01 00:04:04,KAPTAN OKAN,General Cargo,IZMIR
312425000,8408650,36.7761,23.35686,197,185,102,2015-08-01 00:04:05,HALA B,General Cargo,KOPER
241122000,7118181,37.64592,23.98993,224,511,73,2015-08-01 00:04:05,AGIOS RAFAIL,General Cargo,ELEFSINA
271002123,8212336,40.70612,28.81895,191,511,101,2015-08-01 00:04:05,ANNA M,General Cargo,MUDANYA
304228000,9017422,36.81281,15.42351,218,218,99,2015-08-01 00:04:06,PASADENA,General Cargo,CEUTA
246803000,9536052,40.62448,18.27033,147,144,88,2015-08-01 00:04:06,GEERVLIET,General Cargo,LIMAS
305396000,9421154,42.70769,15.58595,140,140,101,2015-08-01 00:04:06,UBC MOIN,General Cargo,BEJAIA
305245000,9435117,35.92303,16.16494,86,84,98,2015-08-01 00:04:07,BBC COLORADO,General Cargo,ISKENDERUN
248098000,9143403,39.7125,11.17283,162,163,86,2015-08-01 00:04:07,SIDER CAPRI,General Cargo,GABES
271002090,7407219,40.83594,29.25281,198,511,1,2015-08-01 00:04:07,MEHMET AKIN,General Cargo,NULL
214182424,9071064,38.57809,25.75396,0,3,99,2015-08-01 00:04:10,ST.MARIA,General Cargo,GEMLIK
636012771,9371024,36.50326,14.40187,107,511,79,2015-08-01 00:04:11,SAXONA,General Cargo,TO ORDER
273358650,9403487,35.10577,23.8516,285,286,92,2015-08-01 00:04:11,GELIUS 2,General Cargo,MARGHERA(ITALY
271001050,9379349,36.23027,29.05795,294,295,130,2015-08-01 00:04:12,MICHEL A,General Cargo,PIRAEUS
377768000,8130851,41.87425,28.87074,161,160,107,2015-08-01 00:04:12,SITHONIA,General Cargo,BALCHIK
248864000,9045601,35.10344,29.25335,299,299,86,2015-08-01 00:04:13,MEHMET BEY,General Cargo,CONSTANTA
577302000,8602000,38.34527,14.92253,96,511,72,2015-08-01 00:04:15,MY DURU,General Cargo,PLOCE
201100115,8401561,41.23565,18.17678,90,85,72,2015-08-01 00:04:15,FROJDI II,General Cargo,DURRES
248400000,9453614,39.11723,19.46456,149,145,92,2015-08-01 00:04:15,MEROVING,General Cargo,ROTA (TURKEY
351429000,9508603,41.15385,17.4219,126,126,93,2015-08-01 00:04:15,ERGE,General Cargo,SKIKDA
620040000,8401523,35.79975,27.3978,156,159,109,2015-08-01 00:04:15,OSMAN PRINCE,General Cargo,ALEXANDRIA
256183000,9057317,39.78662,19.32414,152,149,72,2015-08-01 00:04:15,EREGLI,General Cargo,AMBARLI
246210000,9229087,37.26031,20.83417,317,323,125,2015-08-01 00:04:17,VOORNEDIEP,General Cargo,BRINDISI
305826000,9559901,37.12287,11.98858,297,298,118,2015-08-01 00:04:17,THORCO AURORA,General Cargo,HUELVA
312284000,8872801,38.01039,16.66363,39,35,97,2015-08-01 00:04:17,LUCKY JOY,General Cargo,CHIOGGIA
247285400,9504279,38.30048,12.60657,91,91,106,2015-08-01 00:04:17,TOTO BR,General Cargo,CROTONE
271002114,8951229,40.88181,29.20547,0,511,0,2015-08-01 00:04:18,MINA I,General Cargo,MALTEPE-ISTANBUL
271002353,9187978,34.06284,27.7105,101,98,90,2015-08-01 00:04:20,SEHER II,General Cargo,ORDER
248573000,9081435,37.02095,27.06702,147,147,75,2015-08-01 00:04:20,VEGA II,General Cargo,TRIPOLI
240723000,7637668,40.10098,22.90314,344,345,83,2015-08-01 00:04:20,CALYPSO I,General Cargo,THESSALONIKI
341438000,9250397,40.95822,28.94975,238,239,118,2015-08-01 00:04:20,FITBURG,General Cargo,HAIFA
244017000,9246906,37.57413,15.8829,209,206,66,2015-08-01 00:04:21,FRISIAN LADY,General Cargo,MALTA
236472000,9347085,39.68858,18.41759,41,42,93,2015-08-01 00:04:21,BREMER JOHANNA,General Cargo,SPLIT
229940000,9364007,42.48309,15.80428,140,141,79,2015-08-01 00:04:22,SEA TRADER,General Cargo,ISKENDERUN
271043190,9598804,40.76068,28.01266,80,84,87,2015-08-01 00:04:22,DONAU EKSPRES II,General Cargo,HAYDARPASA
367665030,9681821,38.76433,26.91829,171,22,0,2015-08-01 00:04:22,OCEAN GRAND,General Cargo,NEMRUT BAY
239279500,7524017,37.2429,26.55489,96,89,80,2015-08-01 00:04:23,KOSTAS DIMAKIS,General Cargo,ALIVERI
518710000,8402864,40.00367,25.97317,232,230,108,2015-08-01 00:04:23,UMAY,General Cargo,DAMMAM
305887000,9139323,38.2508,12.73217,83,81,74,2015-08-01 00:04:23,ADDI L.,General Cargo,RAVENNA
256291000,8609620,34.45265,21.79941,288,292,102,2015-08-01 00:04:23,BSLE TERESA,General Cargo,BARCELONA
271002656,9424259,37.10773,27.1127,164,167,73,2015-08-01 00:04:24,TOLGA TOMBA,General Cargo,ISKENDERUN/TURKEY
357104000,9379480,38.67082,24.20172,121,120,87,2015-08-01 00:04:24,BOULIS,General Cargo,ORISTANO
271000829,9357078,40.95543,19.2291,199,200,112,2015-08-01 00:04:24,OSMAN DOGRUYOL,General Cargo,NEMRUT/TURKEY
671046000,8500070,42.48514,27.45308,225,36,1,2015-08-01 00:04:24,LADY MARIA,General Cargo,BURGAS
538001564,9261011,39.17076,25.39604,206,206,144,2015-08-01 00:04:25,CORINTH,General Cargo,RAVENNA ITALY
256331000,9375082,38.78627,15.36403,338,332,91,2015-08-01 00:04:27,PALMALI CONFIDENCE,General Cargo,NAPLES
229939000,9363998,40.84163,29.26954,133,60,0,2015-08-01 00:04:27,SEA LEADER,General Cargo,TUZLA
312772000,8418253,40.4043,10.86266,160,511,87,2015-08-01 00:04:28,ALI B,General Cargo,MISRATAH
273315960,9396658,40.0424,26.27418,57,57,68,2015-08-01 00:04:28,KAPITAN ABAKUMOV,General Cargo,AZOV
214181807,8422010,35.53015,22.77033,130,131,64,2015-08-01 00:04:29,THUNDER,General Cargo,BEIRUT
376532000,9143594,39.60799,12.99105,126,122,87,2015-08-01 00:04:30,WATERWAY,General Cargo,CHIOGGIA
511040000,8703256,34.3055,25.19958,113,111,112,2015-08-01 00:04:31,BASEL S3,General Cargo,PORTSAID
620033000,7633399,37.92284,23.56792,332,511,3,2015-08-01 00:04:31,SABIN,General Cargo,DAMITTA
247289300,9504619,38.45376,24.78921,196,196,121,2015-08-01 00:04:34,CDRY BLUE,General Cargo,ORDER
616886000,7429322,37.4156,10.82025,108,108,111,2015-08-01 00:04:35,KALELI ANA,General Cargo,ORDER
271000929,9352183,38.5175,25.0985,34,32,92,2015-08-01 00:04:37,GUNDEM 3,General Cargo,GEMLIK
620036000,8913021,34.23542,25.20028,127,125,116,2015-08-01 00:04:39,AMIRA LEEN,General Cargo,ALEXANDRIA / EGYPT
271002108,7514359,37.26139,27.59169,136,511,0,2015-08-01 00:04:40,ILYAS ARAZ,General Cargo,NULL
538005886,9395616,40.84146,29.21795,0,51,0,2015-08-01 00:04:42,TURNBERRY KONTOR,General Cargo,TR TUZ
636015267,9229075,39.988,26.0717,68,70,99,2015-08-01 00:04:43,VEERSEDIEP,General Cargo,LIMAS
636014111,9186742,37.88532,23.53807,75,13,1,2015-08-01 00:04:44,LUKA,General Cargo,PIRAEUS
518100004,9043380,36.21076,22.01525,131,511,128,2015-08-01 00:04:44,RUBUS,General Cargo,HAIFA
"244819000,9401245,34.828,25.46783,93,94,91,2015-08-01 00:04:45,BEAUMARE,General Cargo,""TRIPOLI,LB"""
271002598,9384978,38.91847,26.76599,329,10,90,2015-08-01 00:04:45,ENKO HASLAMAN,General Cargo,AMBARLI
636015263,9421087,34.31867,26.44183,108,108,102,2015-08-01 00:04:47,LOODIEP,General Cargo,ASHDOD
564351000,8507200,41.07319,17.72837,145,146,140,2015-08-01 00:04:48,GEIRANGER,General Cargo,GIBRALTAR
351734000,9437309,32.78583,28.25192,289,290,144,2015-08-01 00:04:49,ABB VANESSA,General Cargo,BE ANR
636016381,9449388,39.32117,25.51838,23,33,28,2015-08-01 00:04:51,SANTANA,General Cargo,MARIUPOL UKRAINE
271000956,9401037,38.38194,20.13108,335,334,106,2015-08-01 00:04:52,DINAMIK,General Cargo,KOPER
271002144,9040962,32.88118,29.26791,337,335,102,2015-08-01 00:04:53,MUAMMER YAAGCI,General Cargo,LARIMNA
305251000,9391036,35.74733,28.8045,272,269,116,2015-08-01 00:04:53,BALU C,General Cargo,ISTANBUL
"353262000,9400899,36.20663,15.88837,89,89,127,2015-08-01 00:04:53,CLIPPER KAMOSHIO,General Cargo,""CONSTANTA,ROMANIA"""
271000269,9040936,39.51956,26.03806,10,13,97,2015-08-01 00:04:53,ATASOYLAR,General Cargo,TUZLA
304010767,9014664,36.89438,13.58118,287,290,82,2015-08-01 00:04:54,RHEINFELS,General Cargo,CEUTA
677042400,8116843,34.22141,22.63323,259,260,88,2015-08-01 00:04:54,AMAL NEPTUNE,General Cargo,MISRATAH
676068000,8504181,42.37803,16.66901,123,118,76,2015-08-01 00:04:55,MERMAID,General Cargo,GEMLIK
271044082,8315499,40.75721,29.36331,178,36,0,2015-08-01 00:04:55,EMHANI ANA,General Cargo,BARTIN
311056200,9473236,40.72176,18.8088,7,9,124,2015-08-01 00:04:56,CLIPPER NEWARK,General Cargo,BAR / MONTENEGRO
273111100,7625691,37.46082,11.16487,296,295,108,2015-08-01 00:04:57,FEDOR VARAKSIN,General Cargo,LIEPAJA
672703000,9523237,38.28588,10.25494,291,293,91,2015-08-01 00:04:59,RADES,General Cargo,PORTO VESME
247310200,9504633,39.80156,18.44005,15,19,99,2015-08-01 00:04:59,CDRY BLACK,General Cargo,BARLETTA
271000739,9280225,41.0505,29.04017,211,213,105,2015-08-01 00:04:59,MUAZZEZ K,General Cargo,NEMRUT
256746000,9327774,36.97821,12.55271,280,279,113,2015-08-01 00:05:00,SPAVALDA,General Cargo,GIBRALTAR
373898000,9195731,35.84566,18.02479,86,89,101,2015-08-01 00:05:00,LADY GUL,General Cargo,MERSIN
271002106,7816513,40.87891,29.1962,348,511,1,2015-08-01 00:05:00,KARADENIZ 5,General Cargo,YARIMCA
273338780,9106936,41.08502,29.05968,194,203,108,2015-08-01 00:05:00,MERLE,General Cargo,MERSIN
375793000,8301230,39.45099,19.29938,146,511,92,2015-08-01 00:05:01,ARBALIST,General Cargo,ORDERS
355463000,9306433,35.95333,25.65483,135,135,102,2015-08-01 00:05:01,SIRIOS BULKER I,General Cargo,ALEXANDRIA
247182200,9338125,36.29117,15.09667,200,200,107,2015-08-01 00:05:02,SDS WIND,General Cargo,GABES
244865000,9346691,39.44529,18.22936,219,218,90,2015-08-01 00:05:02,VELSERDIJK,General Cargo,POZZALLO
304142000,9073086,37.66642,10.1688,270,268,114,2015-08-01 00:05:03,EMSTAL,General Cargo,SEVILLA/SPAIN
304046000,9373503,40.42475,28.9033,276,274,102,2015-08-01 00:05:04,SPANACO LOYALTY,General Cargo,ALIAGA
518700000,8520446,37.15015,11.98807,298,306,74,2015-08-01 00:05:04,SALIX,General Cargo,CARDIFF
249114000,9430791,37.18033,26.95107,147,143,100,2015-08-01 00:05:05,CELIK 1,General Cargo,ISKENDERUN/TURKEY
304995000,9218208,36.42306,17.53122,91,92,101,2015-08-01 00:05:05,SIRIUS,General Cargo,NIKOLAEV
304010302,9015450,38.13781,24.85219,48,41,75,2015-08-01 00:05:08,UTTUM,General Cargo,ALIAGA
214182114,8104539,40.60116,18.68514,198,188,85,2015-08-01 00:05:08,VELA I,General Cargo,VALLETTA
341599000,9184653,37.622,24.15122,221,217,112,2015-08-01 00:05:08,VEERSEBORG,General Cargo,LIVORNO
518616000,8220759,36.20677,18.33355,262,259,82,2015-08-01 00:05:08,DADALI,General Cargo,TENES
236256000,9302061,40.81073,28.88058,78,76,13,2015-08-01 00:05:08,BBC BULGARIA,General Cargo,POTI
201100097,7125196,39.93583,19.75771,309,511,85,2015-08-01 00:05:09,FROSINA,General Cargo,VLORE
373173000,8602957,37.17457,10.78665,279,280,72,2015-08-01 00:05:09,LADY AY,General Cargo,RADES
271000303,9001148,42.54763,28.96641,175,170,110,2015-08-01 00:05:10,DOST 1,General Cargo,GEBZE
271001001,9381940,36.68282,14.33617,287,287,89,2015-08-01 00:05:10,ZINNET CAVUSOGLU,General Cargo,LAS SABLES
271044047,9383730,36.47798,16.28063,268,269,90,2015-08-01 00:05:11,HATICE CAVUSOGLU,General Cargo,JORF LASFAR
271042622,9540601,38.59518,24.71412,189,184,100,2015-08-01 00:05:11,SELDENIZ,General Cargo,VALENCIA
312050000,9031430,36.94385,15.50916,216,511,89,2015-08-01 00:05:12,CPT.AHMAD II,General Cargo,BEJAIA
272141000,8918356,42.50175,29.06744,350,354,80,2015-08-01 00:05:12,BBANA DO CASTELO,General Cargo,CONSTANTA
248737000,9564994,38.46012,25.77737,356,356,105,2015-08-01 00:05:12,ZEYCAN ANA,General Cargo,DERINCE
376423000,8411671,36.5154,22.08303,299,296,79,2015-08-01 00:05:14,MARE,General Cargo,RIJEKA
671471000,9237931,38.69579,20.37018,324,323,111,2015-08-01 00:05:15,HARMONY M,General Cargo,PLOCE
236402000,9347073,34.84073,11.91978,349,349,111,2015-08-01 00:05:16,BREMER ELENA,General Cargo,BIZERTE
248581000,9506564,36.39007,22.69632,258,257,100,2015-08-01 00:05:16,BONITO,General Cargo,CASABLANCA
376549000,8412558,37.98933,25.80205,171,172,117,2015-08-01 00:05:17,UNION DEMETER,General Cargo,PORT SAID
341032000,8728490,36.46283,28.24685,132,130,66,2015-08-01 00:05:20,VOLGA 4052,General Cargo,ASHDOD (ISRAEL
237066800,9034901,39.15803,22.85295,0,511,0,2015-08-01 00:05:21,IOLKOS II,General Cargo,VOLOS TSIGKELI
373249000,7928665,34.69421,13.0872,52,60,74,2015-08-01 00:05:23,NASIP,General Cargo,CATANIA
636012774,9372468,37.53681,25.90043,168,167,82,2015-08-01 00:05:23,SPARTA,General Cargo,BEIRUT
256447000,9412361,36.88825,13.74863,286,287,90,2015-08-01 00:05:24,AYLISH,General Cargo,LEIXOES/PORTUGAL
246602000,9385893,36.82163,13.54982,284,286,105,2015-08-01 00:05:25,FRISIANA,General Cargo,MOERDIJK NL
304666000,9148154,37.26808,26.04615,336,511,52,2015-08-01 00:05:25,MAXAL RAISE,General Cargo,NIKOLAEV
370804000,8903052,37.56417,20.53457,332,333,64,2015-08-01 00:05:25,LADY ARZU,General Cargo,CHIOGGIA
256959000,8707771,37.94933,23.60582,352,511,0,2015-08-01 00:05:25,SYROS WIND,General Cargo,DRAPEZONA NEW MAL
357216000,8500408,38.31645,15.59811,276,280,71,2015-08-01 00:05:25,REGGAE,General Cargo,BEJAIA
271000615,9045651,36.42109,18.72188,269,269,94,2015-08-01 00:05:26,MISTRAL,General Cargo,BIZZERTE
636013076,9419084,35.34381,28.20807,115,110,84,2015-08-01 00:05:26,SALVINIA,General Cargo,HAIFA
518955000,9061265,41.2795,12.2485,316,319,115,2015-08-01 00:05:26,ARCHER,General Cargo,CIVITAVECCHIA
271043599,8834940,42.22855,28.58677,340,340,77,2015-08-01 00:05:26,FIRTINA S,General Cargo,ILLICHIVSK
235101908,9338137,35.67548,27.64968,141,138,119,2015-08-01 00:05:27,REUNION BAY,General Cargo,SUEZ
518916000,9142540,40.55147,27.83976,98,96,125,2015-08-01 00:05:28,BOZOK,General Cargo,GEMLIK
271002065,8101599,40.87984,29.18517,44,511,0,2015-08-01 00:05:28,MJORA,General Cargo,TUZLA
518898000,9141912,40.76772,28.80278,78,76,103,2015-08-01 00:05:28,HILAL BEY,General Cargo,ZONGULDAK
248361000,8511146,42.42898,29.40531,4,3,87,2015-08-01 00:05:30,HUSREV,General Cargo,BRAILA
511005100,8407448,39.64431,19.56857,145,321,87,2015-08-01 00:05:30,BASEL S5,General Cargo,GULLUK
215123000,8857772,35.13051,29.27954,116,115,73,2015-08-01 00:05:30,ALENA,General Cargo,HAIFA
515184000,8211136,40.94906,28.95002,217,511,80,2015-08-01 00:05:30,SIBIRSKIY 2132,General Cargo,BANDIRMA
304983000,9306421,36.355,22.606,74,76,99,2015-08-01 00:05:31,ADALADY,General Cargo,GEMLIK
277318000,8411669,40.03587,10.4882,149,149,88,2015-08-01 00:05:32,DIAMANT,General Cargo,POZALLO
245726000,9514937,40.19073,17.16224,172,173,99,2015-08-01 00:05:32,WAALDIJK,General Cargo,SETUBAL
229372000,9651541,41.06917,17.77583,316,318,93,2015-08-01 00:05:33,SIDER TIS,General Cargo,PORTO MARGHERA
304010859,9108439,35.88567,14.50686,232,246,0,2015-08-01 00:05:34,PAMIR,General Cargo,VALLETTA
671535000,8204676,32.0786,24.03804,65,511,3,2015-08-01 00:05:34,EMAD Y,General Cargo,TUBRUK
271002657,9396440,40.66755,27.6613,300,511,0,2015-08-01 00:05:35,HURIYE ANA,General Cargo,SARAYLAR
236568000,9505338,36.88228,13.41125,102,79,116,2015-08-01 00:05:38,CONSTANCE,General Cargo,AALBORG
246872000,9658094,38.36475,16.69887,38,43,91,2015-08-01 00:05:38,ABIS DUISBURG,General Cargo,TARANTO
518697000,7920364,40.74877,28.22419,271,270,93,2015-08-01 00:05:40,TUZLA,General Cargo,NEA KARVALI
312661000,8121020,35.52625,27.84519,148,143,112,2015-08-01 00:05:40,PAPA JOY,General Cargo,DAMITTA
305562000,9017410,38.33082,13.00488,265,265,97,2015-08-01 00:05:41,PERU,General Cargo,BILBAO
271002247,7806166,38.99603,26.71874,147,144,82,2015-08-01 00:05:41,FIDAN,General Cargo,ALIAGA
271002103,9005895,38.0354,26.34052,155,511,91,2015-08-01 00:05:43,KAPTAN CEVDET,General Cargo,GULLUK
305779000,9087532,36.91061,12.232,303,304,118,2015-08-01 00:05:43,PLANET V,General Cargo,CASTELLON
667005128,7703247,32.07531,23.97834,181,187,1,2015-08-01 00:05:44,SEA STAR,General Cargo,TUBRUQ((LIBYA
256582000,9368584,37.95779,16.82241,36,36,84,2015-08-01 00:05:44,ISMAIL SHIKHLY,General Cargo,BARI
229594000,9622758,40.86015,29.18988,271,48,0,2015-08-01 00:05:44,YM AMAZON,General Cargo,YUZHNY
515694000,8721337,36.49741,22.0845,295,291,72,2015-08-01 00:05:44,AMUR 2507,General Cargo,TORRE ANNUNZIATA
249801000,9513373,38.53929,11.67269,95,95,103,2015-08-01 00:05:45,PUFFY,General Cargo,RAVENNA
214182226,8129266,40.6564,27.66044,112,511,0,2015-08-01 00:05:46,SAIF 1,General Cargo,SARAYLAR MARMARA
538001682,7609726,40.98727,28.9477,50,319,2,2015-08-01 00:05:46,WINTERSET,General Cargo,ISTANBUL
376783000,9006344,36.39712,22.78361,258,262,92,2015-08-01 00:05:47,SEVEN SEAS,General Cargo,SEVILLA
214182417,9053830,36.6202,14.77913,285,285,84,2015-08-01 00:05:51,IRIS,General Cargo,CASABLANCA
305373000,9488645,35.5821,26.02782,304,305,90,2015-08-01 00:05:51,BOREAS,General Cargo,PIRAEUS
636090680,9202041,36.02653,23.04609,226,224,127,2015-08-01 00:05:52,BBC RHEIDERLAND,General Cargo,ALGECIRAS
577268000,9057305,40.96235,27.91197,133,25,1,2015-08-01 00:05:53,RHONE,General Cargo,MARTAS
245529000,9195391,36.80173,20.80387,287,291,104,2015-08-01 00:05:53,HENDRIK S,General Cargo,BIRKENHEAD
244710882,9674921,40.49393,26.97152,68,68,104,2015-08-01 00:05:55,ZEALAND AMALIA,General Cargo,YUZHNY OPL
244650317,9629809,36.8225,20.55443,285,289,107,2015-08-01 00:05:56,ZUIDVLIET,General Cargo,BRAKE VIA CEUTA
312468000,8403894,36.65038,14.55555,283,511,111,2015-08-01 00:05:56,MERCURY M,General Cargo,SKIKDA
371175000,8971190,35.52105,28.89834,288,287,82,2015-08-01 00:05:57,ALEKSEY NOVOSELOV,General Cargo,ROSTOV
355731000,9306304,40.79917,18.113,129,125,109,2015-08-01 00:05:57,VERA ROSE,General Cargo,KARTAL
518686000,9148491,40.98252,28.92805,85,254,0,2015-08-01 00:05:57,TUNA 1,General Cargo,BEIROUTH
245118000,9558464,34.10726,29.39255,316,315,172,2015-08-01 00:05:58,PACIFIC DAWN,General Cargo,DERINCE
305057000,9357212,37.32443,18.24693,287,287,120,2015-08-01 00:05:58,BBC DELAWARE,General Cargo,GENOA
241374000,7903249,37.99517,16.609,214,511,101,2015-08-01 00:06:00,EVIACEMENT IV,General Cargo,LICATA
271040283,9473975,36.23178,15.71382,281,280,87,2015-08-01 00:06:00,ATLAS B,General Cargo,CASTELLON
538005972,9268083,36.30012,14.44427,269,268,114,2015-08-01 00:06:01,AUCKLAND SPIRIT,General Cargo,GIBRALTAR
636016745,9506588,35.7079,14.54251,244,245,103,2015-08-01 00:06:02,BEE,General Cargo,GABES/TUNISIAN
240246000,7822483,38.22369,24.5788,146,167,78,2015-08-01 00:06:02,ZOE,General Cargo,ASPROPIRGOS
305810000,9409613,37.03289,23.73363,219,222,82,2015-08-01 00:06:03,PELEUS,General Cargo,RAVENNA
271000825,9335355,40.96478,28.96084,250,511,84,2015-08-01 00:06:03,GULIZAR ANA,General Cargo,TURKELI
671240000,8812875,36.578,23.513,229,247,90,2015-08-01 00:06:04,HUDA F,General Cargo,Y
377734000,9142447,38.60112,10.14322,95,94,95,2015-08-01 00:06:04,ALLEGRO,General Cargo,DURRES
249201000,9359210,38.81643,24.05446,118,511,99,2015-08-01 00:06:05,ASVIRA,General Cargo,BARLETTA
244716000,8821797,34.57244,23.67689,101,101,138,2015-08-01 00:06:05,ANJELIERSGRACHT,General Cargo,HAIFA
271002290,8202977,40.96966,28.91346,193,511,10,2015-08-01 00:06:05,CENK TURKMEN,General Cargo,M.EREGLI
312425000,8408650,36.77027,23.35467,196,184,102,2015-08-01 00:06:06,HALA B,General Cargo,KOPER
246803000,9536052,40.62034,18.27389,147,144,89,2015-08-01 00:06:06,GEERVLIET,General Cargo,LIMAS
304228000,9017422,36.80844,15.41925,218,218,99,2015-08-01 00:06:06,PASADENA,General Cargo,CEUTA
312599000,7637632,36.03347,14.64171,217,218,73,2015-08-01 00:06:07,AGGELIKI,General Cargo,VALLETTA/MALTA
305245000,9435117,35.92342,16.17162,86,84,98,2015-08-01 00:06:07,BBC COLORADO,General Cargo,ISKENDERUN
241122000,7118181,37.64297,23.98591,227,511,82,2015-08-01 00:06:07,AGIOS RAFAIL,General Cargo,ELEFSINA
477441900,9458456,35.31246,22.14279,68,68,134,2015-08-01 00:06:07,PACIFIC VICTOR,General Cargo,TRABZON
229725000,9401934,37.84115,23.46063,278,280,93,2015-08-01 00:06:08,ST.ANDREW,General Cargo,KALAMAKI
248098000,9143403,39.70783,11.17467,163,163,86,2015-08-01 00:06:08,SIDER CAPRI,General Cargo,GABES
247285200,9546447,41.76194,16.77271,133,131,110,2015-08-01 00:06:08,HARTURA,General Cargo,SKIKDA
372170000,8002822,41.09982,29.05955,187,181,69,2015-08-01 00:06:08,LADY NOUR,General Cargo,TARTOUS
237565100,7614824,39.77149,23.11513,340,340,76,2015-08-01 00:06:09,CALYPSO,General Cargo,LARYMNA-THESSALONIKI
214182424,9071064,38.58362,25.75405,0,1,98,2015-08-01 00:06:10,ST.MARIA,General Cargo,GEMLIK
273334560,9598866,36.39917,23.21599,91,89,102,2015-08-01 00:06:11,NEVA LEADER 6,General Cargo,ROSTOV
636012771,9371024,36.5019,14.40706,107,511,79,2015-08-01 00:06:11,SAXONA,General Cargo,TO ORDER
248832000,9173355,36.34175,21.55227,89,86,118,2015-08-01 00:06:11,SIR ALBERT,General Cargo,LARYMNA.GREECE
247229600,9286712,34.6488,11.88427,253,255,114,2015-08-01 00:06:12,LUCA S,General Cargo,SFAX
256689000,9387736,36.247,29.09133,289,293,103,2015-08-01 00:06:12,AZOV COAST,General Cargo,TAGANROG
271001050,9379349,36.23317,29.04972,293,295,130,2015-08-01 00:06:12,MICHEL A,General Cargo,PIRAEUS
239279500,7524017,37.24253,26.56004,95,89,80,2015-08-01 00:06:13,KOSTAS DIMAKIS,General Cargo,ALIVERI
518690000,8917869,37.34626,25.28286,86,511,80,2015-08-01 00:06:14,BIRCH,General Cargo,ALEXANDRIA
271000871,9385427,42.47387,28.3752,341,345,112,2015-08-01 00:06:14,HARUN KONAN,General Cargo,YUZHNY
248400000,9453614,39.11282,19.46792,149,145,92,2015-08-01 00:06:15,MEROVING,General Cargo,ROTA (TURKEY
201100115,8401561,41.23581,18.18204,87,84,72,2015-08-01 00:06:15,FROJDI II,General Cargo,DURRES
271002595,8121719,40.51907,28.27978,55,69,77,2015-08-01 00:06:15,ALI AGA,General Cargo,EVYAP
256183000,9057317,39.78306,19.3266,152,149,72,2015-08-01 00:06:15,EREGLI,General Cargo,AMBARLI
373499000,9141637,40.85131,29.28845,337,511,0,2015-08-01 00:06:16,MARY ELISABETH,General Cargo,ISTANBUL TUZLA
356211000,9504944,37.57069,10.67435,283,286,98,2015-08-01 00:06:16,RIO EKUKU,General Cargo,BATA
305396000,9421154,42.7026,15.59158,140,141,101,2015-08-01 00:06:17,UBC MOIN,General Cargo,BEJAIA
312284000,8872801,38.01464,16.66783,40,36,97,2015-08-01 00:06:17,LUCKY JOY,General Cargo,CHIOGGIA
305826000,9559901,37.12587,11.98137,297,298,118,2015-08-01 00:06:17,THORCO AURORA,General Cargo,HUELVA
247285400,9504279,38.30036,12.61411,91,90,106,2015-08-01 00:06:18,TOTO BR,General Cargo,CROTONE
341438000,9250397,40.95509,28.94298,239,239,100,2015-08-01 00:06:20,FITBURG,General Cargo,HAIFA
244017000,9246906,37.57098,15.88058,211,207,65,2015-08-01 00:06:21,FRISIAN LADY,General Cargo,MALTA
236472000,9347085,39.69247,18.42204,42,42,94,2015-08-01 00:06:21,BREMER JOHANNA,General Cargo,SPLIT
377768000,8130851,41.86813,28.87342,162,161,108,2015-08-01 00:06:22,SITHONIA,General Cargo,BALCHIK
305887000,9139323,38.2513,12.73738,83,81,74,2015-08-01 00:06:23,ADDI L.,General Cargo,RAVENNA
518710000,8402864,39.99983,25.96683,233,231,111,2015-08-01 00:06:23,UMAY,General Cargo,DAMMAM
256291000,8609620,34.4545,21.79295,289,292,101,2015-08-01 00:06:23,BSLE TERESA,General Cargo,BARCELONA
271000965,9420162,41.10608,29.06532,207,200,67,2015-08-01 00:06:23,SELAHATTIN ASLAN 2,General Cargo,SETE
201100136,8918291,37.96188,23.56483,291,138,0,2015-08-01 00:06:24,KRISTI 1,General Cargo,PERAMA DRY DOCK
271043190,9598804,40.76139,28.01907,80,84,87,2015-08-01 00:06:24,DONAU EKSPRES II,General Cargo,HAYDARPASA
357104000,9379480,38.66829,24.207,121,120,86,2015-08-01 00:06:24,BOULIS,General Cargo,ORISTANO
351429000,9508603,41.15038,17.42789,127,128,94,2015-08-01 00:06:24,ERGE,General Cargo,SKIKDA
229940000,9364007,42.4798,15.80812,138,140,79,2015-08-01 00:06:25,SEA TRADER,General Cargo,ISKENDERUN
271002656,9424259,37.1037,27.11397,164,166,73,2015-08-01 00:06:25,TOLGA TOMBA,General Cargo,ISKENDERUN/TURKEY
620040000,8401523,35.79372,27.40107,156,159,109,2015-08-01 00:06:25,OSMAN PRINCE,General Cargo,ALEXANDRIA
538001564,9261011,39.16372,25.39116,208,208,143,2015-08-01 00:06:25,CORINTH,General Cargo,RAVENNA ITALY
677041700,7615012,42.48364,27.45154,219,46,0,2015-08-01 00:06:26,ARMONY,General Cargo,BURGAS
246210000,9229087,37.2659,20.8278,317,323,125,2015-08-01 00:06:26,VOORNEDIEP,General Cargo,BRINDISI
271040150,9539793,40.41685,29.10531,152,157,0,2015-08-01 00:06:27,UGUR S,General Cargo,GEMLIK
271002123,8212336,40.6996,28.81718,191,511,101,2015-08-01 00:06:27,ANNA M,General Cargo,MUDANYA
271044036,8500082,40.64576,28.33817,263,511,87,2015-08-01 00:06:28,IREM KAAN,General Cargo,ISKENDERUN
271043941,8102799,38.35792,26.22388,214,214,59,2015-08-01 00:06:29,MUHAMMET GUMUSTAS 2,General Cargo,ISKENDERUN
248573000,9081435,37.01715,27.07007,147,147,75,2015-08-01 00:06:30,VEGA II,General Cargo,TRIPOLI
271000829,9357078,40.94921,19.22598,201,201,112,2015-08-01 00:06:30,OSMAN DOGRUYOL,General Cargo,NEMRUT/TURKEY
616920000,8721349,40.84267,29.23882,319,511,1,2015-08-01 00:06:30,BERRA G,General Cargo,TUZLA
271001038,9391452,40.98511,28.98697,200,205,124,2015-08-01 00:06:31,SUAT KARABEKIR,General Cargo,NEMRUT
271043908,9000716,39.23714,25.76265,23,26,67,2015-08-01 00:06:32,ELIT,General Cargo,GEMLIK
312772000,8418253,40.39936,10.86519,154,511,88,2015-08-01 00:06:38,ALI B,General Cargo,MISRATAH
214181807,8422010,35.52765,22.77392,130,131,64,2015-08-01 00:06:39,THUNDER,General Cargo,BEIRUT
271002353,9187978,34.06177,27.71736,98,98,89,2015-08-01 00:06:40,SEHER II,General Cargo,ORDER
214180910,8620040,40.85408,28.96307,163,153,67,2015-08-01 00:06:42,NEREY,General Cargo,GEBZE
671606000,7522203,33.14177,29.05278,297,511,89,2015-08-01 00:06:42,ALBATROSS,General Cargo,BARLETTA
356425000,9031260,34.48104,28.36024,118,114,79,2015-08-01 00:06:45,VERA SKY,General Cargo,ASHDOD
352017000,9370745,35.95854,26.88492,271,270,128,2015-08-01 00:06:47,ANDALUCIA,General Cargo,GIBRALTAR
214182224,8105428,35.92671,22.90218,235,238,112,2015-08-01 00:06:47,ICEL,General Cargo,MISRATAH
255805240,8918631,40.9869,28.93936,40,249,3,2015-08-01 00:06:49,MALMNES,General Cargo,ISTANBUL ROAD/BUNKER
357925000,8914312,37.08017,21.11233,313,316,95,2015-08-01 00:06:49,MEHMET AGA,General Cargo,PORTO MARGERA
667005041,8321682,38.27003,20.11768,157,158,81,2015-08-01 00:06:49,MERO STAR,General Cargo,DAMIETTA
312940000,9148738,36.46617,27.0585,321,190,82,2015-08-01 00:06:50,JOY H,General Cargo,CONSTANTA
271000766,9045663,36.43488,22.09435,116,511,121,2015-08-01 00:06:51,H.KAPTAN,General Cargo,ISKENDERUN
720927000,9071052,37.10419,12.46764,284,288,86,2015-08-01 00:06:51,KATJA,General Cargo,SEVILLA
246745000,9507130,36.33401,19.67081,90,90,111,2015-08-01 00:06:51,BARENTSZDIEP,General Cargo,LIMAS
636016857,9214563,40.72303,29.48013,0,0,0,2015-08-01 00:06:51,KARADENIZ POWERSHIP GOKHAN BEY,General Cargo,ALTINOVA- TR
271000833,9349021,39.87815,19.30455,146,145,84,2015-08-01 00:06:51,ASLI ELIF,General Cargo,ALIAGA
248689000,9507350,42.06867,10.64917,168,166,96,2015-08-01 00:06:53,WILSON ALGECIRAS,General Cargo,ZARZIS
271002424,9040950,40.88023,29.18052,336,511,0,2015-08-01 00:06:53,GUNEYIN,General Cargo,EREGLI
255805480,9388388,39.36403,17.82343,229,227,147,2015-08-01 00:06:54,LIBERTAS H,General Cargo,GIOIA TAURO
241328000,8016902,38.35874,22.68563,0,511,0,2015-08-01 00:06:54,PANAGIA XENIA,General Cargo,ITEA /ANTIKYRA
256551000,9372602,36.00615,29.5478,111,112,69,2015-08-01 00:06:55,AZOV CONFIDENCE,General Cargo,DORTYOL TURKEY
577176000,7924334,37.24851,23.82732,217,212,77,2015-08-01 00:06:56,GULER,General Cargo,AL KHUMS
636013841,9512434,34.75388,17.87238,109,108,115,2015-08-01 00:06:57,OCEAN FORTUNE,General Cargo,ALEXANDRIA
667005247,8307947,40.96418,28.92113,36,296,0,2015-08-01 00:06:58,TAHA Y,General Cargo,NIKOLEAU
"353262000,9400899,36.20678,15.8978,89,89,127,2015-08-01 00:07:00,CLIPPER KAMOSHIO,General Cargo,""CONSTANTA,ROMANIA"""
256746000,9327774,36.97936,12.54492,280,279,114,2015-08-01 00:07:00,SPAVALDA,General Cargo,GIBRALTAR
373898000,9195731,35.84597,18.03168,86,89,101,2015-08-01 00:07:00,LADY GUL,General Cargo,MERSIN
311056200,9473236,40.72851,18.81,7,9,123,2015-08-01 00:07:00,CLIPPER NEWARK,General Cargo,BAR / MONTENEGRO
375793000,8301230,39.44682,19.30301,146,511,92,2015-08-01 00:07:01,ARBALIST,General Cargo,ORDERS
355463000,9306433,35.94933,25.65983,135,135,102,2015-08-01 00:07:01,SIRIOS BULKER I,General Cargo,ALEXANDRIA
636016381,9449388,39.32267,25.51938,27,33,28,2015-08-01 00:07:02,SANTANA,General Cargo,MARIUPOL UKRAINE
636015267,9229075,39.99011,26.07969,70,68,99,2015-08-01 00:07:02,VEERSEDIEP,General Cargo,LIMAS
304142000,9073086,37.66654,10.16079,270,268,113,2015-08-01 00:07:03,EMSTAL,General Cargo,SEVILLA/SPAIN
247182200,9338125,36.2855,15.09433,199,200,108,2015-08-01 00:07:04,SDS WIND,General Cargo,GABES
304046000,9373503,40.42523,28.89588,274,273,103,2015-08-01 00:07:04,SPANACO LOYALTY,General Cargo,ALIAGA
518700000,8520446,37.15211,11.98353,298,305,74,2015-08-01 00:07:05,SALIX,General Cargo,CARDIFF
249114000,9430791,37.17561,26.9549,146,143,100,2015-08-01 00:07:05,CELIK 1,General Cargo,ISKENDERUN/TURKEY
304995000,9218208,36.42297,17.53815,91,92,101,2015-08-01 00:07:05,SIRIUS,General Cargo,NIKOLAEV
312128000,8728024,40.97733,28.91611,189,289,0,2015-08-01 00:07:06,VOLGO BALT 248,General Cargo,ROSTOV
518616000,8220759,36.20621,18.32797,262,259,82,2015-08-01 00:07:08,DADALI,General Cargo,TENES
341599000,9184653,37.61718,24.14623,220,217,111,2015-08-01 00:07:08,VEERSEBORG,General Cargo,LIVORNO
304010302,9015450,38.14068,24.8561,47,40,77,2015-08-01 00:07:08,UTTUM,General Cargo,ALIAGA
672703000,9523237,38.28788,10.24854,291,293,91,2015-08-01 00:07:08,RADES,General Cargo,PORTO VESME
256203000,9367841,38.4878,13.05204,275,275,66,2015-08-01 00:07:08,ELENI K III,General Cargo,PORTO VESME
356683000,9114347,41.00445,29.01097,349,98,0,2015-08-01 00:07:09,SHARMIN,General Cargo,H.PASA
373173000,8602957,37.17518,10.78165,278,279,73,2015-08-01 00:07:09,LADY AY,General Cargo,RADES
271000303,9001148,42.5413,28.96719,174,170,114,2015-08-01 00:07:10,DOST 1,General Cargo,GEBZE
271001001,9381940,36.68427,14.3303,286,287,89,2015-08-01 00:07:10,ZINNET CAVUSOGLU,General Cargo,LAS SABLES
271044047,9383730,36.47793,16.27439,269,269,90,2015-08-01 00:07:11,HATICE CAVUSOGLU,General Cargo,JORF LASFAR
214182514,8890401,35.54051,27.69514,336,350,69,2015-08-01 00:07:11,SOTRA,General Cargo,GULLUK
273358650,9403487,35.10787,23.84255,286,286,92,2015-08-01 00:07:11,GELIUS 2,General Cargo,MARGHERA(ITALY
271042622,9540601,38.58968,24.71307,188,184,99,2015-08-01 00:07:12,SELDENIZ,General Cargo,VALENCIA
272141000,8918356,42.50614,29.06642,350,356,80,2015-08-01 00:07:12,BBANA DO CASTELO,General Cargo,CONSTANTA
312050000,9031430,36.93994,15.50554,213,511,90,2015-08-01 00:07:13,CPT.AHMAD II,General Cargo,BEJAIA
376423000,8411671,36.51752,22.07825,298,299,79,2015-08-01 00:07:14,MARE,General Cargo,RIJEKA
671471000,9237931,38.70089,20.36574,325,323,110,2015-08-01 00:07:15,HARMONY M,General Cargo,PLOCE
676068000,8504181,42.37539,16.6746,123,118,75,2015-08-01 00:07:15,MERMAID,General Cargo,GEMLIK
273338780,9106936,41.07904,29.05572,209,208,110,2015-08-01 00:07:15,MERLE,General Cargo,MERSIN
236402000,9347073,34.84685,11.91831,349,349,111,2015-08-01 00:07:16,BREMER ELENA,General Cargo,BIZERTE
248581000,9506564,36.38902,22.68953,259,257,100,2015-08-01 00:07:16,BONITO,General Cargo,CASABLANCA
229071000,9631929,40.6351,22.92124,280,511,0,2015-08-01 00:07:17,MUNEVVER,General Cargo,NULL
305102000,9218193,35.88038,14.49756,267,56,0,2015-08-01 00:07:18,HC NATALIA,General Cargo,VALLETTA
201100097,7125196,39.93916,19.75261,310,511,87,2015-08-01 00:07:18,FROSINA,General Cargo,VLORE
273334100,7612448,40.81649,28.89823,0,332,5,2015-08-01 00:07:18,BALTIYSKIY 111,General Cargo,AZOV
271043732,8500056,40.98469,28.99807,4,5,80,2015-08-01 00:07:18,KNIDOS M,General Cargo,BANDIRMA
271002078,7937874,40.73522,28.86215,67,511,80,2015-08-01 00:07:19,YUSUF CELAL,General Cargo,SARAYLAR
248737000,9564994,38.46644,25.77685,356,356,105,2015-08-01 00:07:21,ZEYCAN ANA,General Cargo,DERINCE
515509000,8322844,40.76868,29.72507,354,351,0,2015-08-01 00:07:22,JINAN,General Cargo,ROTA
271043801,9454034,40.83683,29.28111,171,305,0,2015-08-01 00:07:23,MOLIVA,General Cargo,TUZLA
376296000,8869543,40.8348,29.27716,27,511,0,2015-08-01 00:07:24,PYALMA,General Cargo,TUZLA
246602000,9385893,36.82303,13.54276,283,286,105,2015-08-01 00:07:25,FRISIANA,General Cargo,MOERDIJK NL
246602000,9385893,36.82303,13.54276,283,286,105,2015-08-01 00:07:25,FRISIANA,General Cargo,MOERDIJK NL
577302000,8602000,38.34447,14.93054,98,511,72,2015-08-01 00:07:25,MY DURU,General Cargo,PLOCE
256447000,9412361,36.88967,13.74249,286,287,90,2015-08-01 00:07:25,AYLISH,General Cargo,LEIXOES/PORTUGAL
370804000,8903052,37.5673,20.53249,331,332,64,2015-08-01 00:07:25,LADY ARZU,General Cargo,CHIOGGIA
271000615,9045651,36.42103,18.71539,269,269,93,2015-08-01 00:07:26,MISTRAL,General Cargo,BIZZERTE
271043599,8834940,42.23252,28.58473,339,341,76,2015-08-01 00:07:26,FIRTINA S,General Cargo,ILLICHIVSK
235101908,9338137,35.67029,27.65477,142,139,120,2015-08-01 00:07:27,REUNION BAY,General Cargo,SUEZ
271000388,8512059,41.87755,28.76996,327,330,100,2015-08-01 00:07:29,ERHAN ARAZ,General Cargo,RO GALATZ
373249000,7928665,34.69693,13.09135,51,60,74,2015-08-01 00:07:29,NASIP,General Cargo,CATANIA
341032000,8728490,36.46015,28.2506,130,130,66,2015-08-01 00:07:29,VOLGA 4052,General Cargo,ASHDOD (ISRAEL
620036000,8913021,34.22987,25.20889,125,125,116,2015-08-01 00:07:29,AMIRA LEEN,General Cargo,ALEXANDRIA / EGYPT
240723000,7637668,40.10812,22.90054,344,345,83,2015-08-01 00:07:30,CALYPSO I,General Cargo,THESSALONIKI
376532000,9143594,39.60389,12.99882,123,121,87,2015-08-01 00:07:30,WATERWAY,General Cargo,CHIOGGIA
511040000,8703256,34.30173,25.20997,113,111,113,2015-08-01 00:07:32,BASEL S3,General Cargo,PORTSAID
518955000,9061265,41.2845,12.24217,316,319,115,2015-08-01 00:07:35,ARCHER,General Cargo,CIVITAVECCHIA
376549000,8412558,37.98185,25.80357,170,173,117,2015-08-01 00:07:36,UNION DEMETER,General Cargo,PORT SAID
518898000,9141912,40.76897,28.81087,79,76,103,2015-08-01 00:07:38,HILAL BEY,General Cargo,ZONGULDAK
236256000,9302061,40.81122,28.88188,38,16,16,2015-08-01 00:07:44,BBC BULGARIA,General Cargo,POTI
"244819000,9401245,34.82767,25.477,93,94,92,2015-08-01 00:07:45,BEAUMARE,General Cargo,""TRIPOLI,LB"""
518100004,9043380,36.20367,22.02516,131,511,128,2015-08-01 00:07:45,RUBUS,General Cargo,HAIFA
514160000,8841618,42.35505,14.41552,270,511,0,2015-08-01 00:07:46,SVYATOY GEORGIY,General Cargo,ORTONA
636015263,9421087,34.316,26.45167,108,109,103,2015-08-01 00:07:47,LOODIEP,General Cargo,ASHDOD
214182114,8104539,40.59518,18.68323,200,193,84,2015-08-01 00:07:48,VELA I,General Cargo,VALLETTA
564351000,8507200,41.06361,17.73711,145,146,140,2015-08-01 00:07:48,GEIRANGER,General Cargo,GIBRALTAR
271002090,7407219,40.8359,29.2528,356,511,0,2015-08-01 00:07:49,MEHMET AKIN,General Cargo,NULL
271002144,9040962,32.88894,29.26391,336,335,103,2015-08-01 00:07:50,MUAMMER YAAGCI,General Cargo,LARIMNA
636012774,9372468,37.53123,25.90182,168,166,83,2015-08-01 00:07:52,SPARTA,General Cargo,BEIRUT
305251000,9391036,35.7475,28.79267,271,269,116,2015-08-01 00:07:53,BALU C,General Cargo,ISTANBUL
247289300,9504619,38.443,24.78533,197,196,119,2015-08-01 00:07:54,CDRY BLUE,General Cargo,ORDER
351734000,9437309,32.78983,28.23806,288,290,143,2015-08-01 00:07:54,ABB VANESSA,General Cargo,BE ANR
304010767,9014664,36.89635,13.57308,287,290,82,2015-08-01 00:07:54,RHEINFELS,General Cargo,CEUTA
677042400,8116843,34.21986,22.6246,257,259,88,2015-08-01 00:07:54,AMAL NEPTUNE,General Cargo,MISRATAH
271002598,9384978,38.92521,26.76064,327,10,89,2015-08-01 00:07:55,ENKO HASLAMAN,General Cargo,AMBARLI
273111100,7625691,37.4648,11.15462,296,295,109,2015-08-01 00:07:57,FEDOR VARAKSIN,General Cargo,LIEPAJA
271000929,9352183,38.5245,25.1045,33,32,90,2015-08-01 00:07:57,GUNDEM 3,General Cargo,GEMLIK
518916000,9142540,40.55025,27.85105,98,96,125,2015-08-01 00:07:58,BOZOK,General Cargo,GEMLIK
636016736,9536181,38.35644,20.02071,334,333,96,2015-08-01 00:07:59,SPECTRA,General Cargo,ORTONA
271040283,9473975,36.23275,15.70802,281,280,86,2015-08-01 00:08:00,ATLAS B,General Cargo,CASTELLON
241374000,7903249,37.99083,16.6045,218,511,100,2015-08-01 00:08:00,EVIACEMENT IV,General Cargo,LICATA
246872000,9658094,38.36938,16.70355,38,43,91,2015-08-01 00:08:00,ABIS DUISBURG,General Cargo,TARANTO
538005972,9268083,36.30008,14.4364,269,268,114,2015-08-01 00:08:01,AUCKLAND SPIRIT,General Cargo,GIBRALTAR
636016745,9506588,35.70547,14.53618,245,245,103,2015-08-01 00:08:02,BEE,General Cargo,GABES/TUNISIAN
271002215,9120827,40.8793,29.18937,14,511,1,2015-08-01 00:08:02,RECEP REIS 1,General Cargo,ODESSA
240246000,7822483,38.21989,24.58146,151,173,78,2015-08-01 00:08:02,ZOE,General Cargo,ASPROPIRGOS
245529000,9195391,36.8035,20.7965,287,290,103,2015-08-01 00:08:03,HENDRIK S,General Cargo,BIRKENHEAD
616886000,7429322,37.41235,10.83293,107,108,109,2015-08-01 00:08:03,KALELI ANA,General Cargo,ORDER
245118000,9558464,34.1142,29.38389,314,313,173,2015-08-01 00:08:03,PACIFIC DAWN,General Cargo,DERINCE
671240000,8812875,36.57483,23.5085,228,247,90,2015-08-01 00:08:04,HUDA F,General Cargo,Y
671240000,8812875,36.57483,23.5085,228,247,90,2015-08-01 00:08:04,HUDA F,General Cargo,Y
271002372,6613639,40.77635,29.59662,48,511,0,2015-08-01 00:08:04,BARTIN,General Cargo,TURKELI
271000956,9401037,38.39052,20.12626,336,333,106,2015-08-01 00:08:04,DINAMIK,General Cargo,KOPER
305779000,9087532,36.91467,12.22383,303,304,118,2015-08-01 00:08:04,PLANET V,General Cargo,CASTELLON
377734000,9142447,38.60065,10.14989,94,94,94,2015-08-01 00:08:04,ALLEGRO,General Cargo,DURRES
355731000,9306304,40.79518,18.11964,128,125,107,2015-08-01 00:08:05,VERA ROSE,General Cargo,KARTAL
312425000,8408650,36.76487,23.35259,197,186,102,2015-08-01 00:08:06,HALA B,General Cargo,KOPER
304228000,9017422,36.80408,15.415,218,218,99,2015-08-01 00:08:06,PASADENA,General Cargo,CEUTA
241122000,7118181,37.63987,23.98137,233,511,88,2015-08-01 00:08:07,AGIOS RAFAIL,General Cargo,ELEFSINA
305245000,9435117,35.92366,16.17833,93,91,97,2015-08-01 00:08:07,BBC COLORADO,General Cargo,ISKENDERUN
244716000,8821797,34.57089,23.68615,101,101,138,2015-08-01 00:08:07,ANJELIERSGRACHT,General Cargo,HAIFA
477441900,9458456,35.31527,22.15118,68,68,134,2015-08-01 00:08:07,PACIFIC VICTOR,General Cargo,TRABZON
229725000,9401934,37.84187,23.45413,277,280,93,2015-08-01 00:08:08,ST.ANDREW,General Cargo,KALAMAKI
248098000,9143403,39.70333,11.17667,163,163,86,2015-08-01 00:08:08,SIDER CAPRI,General Cargo,GABES
371175000,8971190,35.5226,28.89256,288,287,82,2015-08-01 00:08:08,ALEKSEY NOVOSELOV,General Cargo,ROSTOV
237565100,7614824,39.77544,23.11336,340,341,76,2015-08-01 00:08:09,CALYPSO,General Cargo,LARYMNA-THESSALONIKI
312985000,8858099,40.83392,29.24613,250,511,0,2015-08-01 00:08:10,MARIA THE FIRST,General Cargo,CONSTANTA
214182424,9071064,38.58908,25.75414,3,4,98,2015-08-01 00:08:10,ST.MARIA,General Cargo,GEMLIK
577276000,8415706,42.48643,27.4544,230,38,1,2015-08-01 00:08:10,FORTUNE,General Cargo,BOURGAS
305562000,9017410,38.33033,12.99627,265,265,98,2015-08-01 00:08:10,PERU,General Cargo,BILBAO
271000739,9280225,41.04383,29.03167,233,236,105,2015-08-01 00:08:10,MUAZZEZ K,General Cargo,NEMRUT
304010853,9179555,36.80362,10.26917,175,347,0,2015-08-01 00:08:11,KARINA,General Cargo,TUNIS
636012771,9371024,36.50054,14.41221,108,511,79,2015-08-01 00:08:11,SAXONA,General Cargo,TO ORDER
273334560,9598866,36.39905,23.22308,91,90,103,2015-08-01 00:08:11,NEVA LEADER 6,General Cargo,ROSTOV
271000919,9045704,42.24579,29.09753,354,352,98,2015-08-01 00:08:11,CS CIHAN,General Cargo,CONSTANTA
248832000,9173355,36.34173,21.56043,91,87,118,2015-08-01 00:08:11,SIR ALBERT,General Cargo,LARYMNA.GREECE
245726000,9514937,40.18346,17.16363,172,173,99,2015-08-01 00:08:12,WAALDIJK,General Cargo,SETUBAL
271001050,9379349,36.23605,29.04165,293,295,130,2015-08-01 00:08:12,MICHEL A,General Cargo,PIRAEUS
271000825,9335355,40.96311,28.95479,250,511,81,2015-08-01 00:08:12,GULIZAR ANA,General Cargo,TURKELI
271000269,9040936,39.52845,26.04004,9,13,98,2015-08-01 00:08:13,ATASOYLAR,General Cargo,TUZLA
244710882,9674921,40.49633,26.97972,68,67,104,2015-08-01 00:08:14,ZEALAND AMALIA,General Cargo,YUZHNY OPL
518690000,8917869,37.34652,25.28842,89,511,78,2015-08-01 00:08:14,BIRCH,General Cargo,ALEXANDRIA
305810000,9409613,37.02903,23.72965,219,222,82,2015-08-01 00:08:14,PELEUS,General Cargo,RAVENNA
357216000,8500408,38.31691,15.59111,276,280,70,2015-08-01 00:08:14,REGGAE,General Cargo,BEJAIA
248400000,9453614,39.1084,19.47133,149,145,92,2015-08-01 00:08:15,MEROVING,General Cargo,ROTA (TURKEY
376045000,9141687,35.82154,10.64436,309,48,0,2015-08-01 00:08:15,FATIMA 1,General Cargo,SOUSSE
312599000,7637632,36.02993,14.63844,217,219,73,2015-08-01 00:08:16,AGGELIKI,General Cargo,VALLETTA/MALTA
